question_id,repeat_of,status,batch,family,slot,preference,selected,rating,cost,risk,source_id,source_title,source_artist,source_genre,target_id,target_title,target_artist,target_genre,bridge_class,source_flow_available,target_flow_available
style-transition-001,,primary,初始覆盖 1,initial,left,left,1,3,0.38461,0.08914,qq:001Wt9JN03rczP,Xtralovable,Prince,Jazz / Soul,qq:0038TeYv49H4Dd,Ceiling Granny,Mogwai,Post-Rock / Cinematic,no_overlap,True,False
style-transition-001,,primary,初始覆盖 1,initial,right,left,0,1,0.36644,0.05625,qq:001Wt9JN03rczP,Xtralovable,Prince,Jazz / Soul,qq:004CQckK0FNJ8M,Hopopono,GoGo Penguin,Jazz / Soul,same_main,True,True
style-transition-002,,primary,初始覆盖 1,initial,left,left,1,4,0.19363,0.2442,qq:0004sVx62fZsQj,神游夜话,文雀,Post-Rock / Cinematic,qq:002dKeV033UOvU,Diamond Cut,文雀,Post-Rock / Cinematic,same_main,True,False
style-transition-002,,primary,初始覆盖 1,initial,right,left,0,3,0.23721,0.27445,qq:0004sVx62fZsQj,神游夜话,文雀,Post-Rock / Cinematic,qq:003RxRsH4Zmgfz,85mm,Ludovico Einaudi,Ambient / Neo-Classical,no_overlap,True,True
style-transition-003,,primary,初始覆盖 1,initial,left,tie,0.5,3,0.16564,0.1551,qq:002XMYU020TiOO,eau,yutaka hirasaka,Ambient / Neo-Classical,qq:0010YYK03xexiC,Rose Bay,Ludovico Einaudi,Ambient / Neo-Classical,same_main,False,True
style-transition-003,,primary,初始覆盖 1,initial,right,tie,0.5,3,0.45499,0.261,qq:002XMYU020TiOO,eau,yutaka hirasaka,Ambient / Neo-Classical,qq:000gnR5f0L9CqV,SUNSET,LITE,Post-Rock / Cinematic,no_overlap,False,True
style-transition-004,,primary,初始覆盖 1,initial,left,left,1,3,0.6809,0.41855,qq:000fT9N931nfbb,Saturnine,GoGo Penguin,Post-Rock / Cinematic,qq:003QKuSZ04ELv8,Days,Balmorhea,Ambient / Neo-Classical,target_echoes,False,True
style-transition-004,,primary,初始覆盖 1,initial,right,left,0,2,0.3714,0.17545,qq:000fT9N931nfbb,Saturnine,GoGo Penguin,Post-Rock / Cinematic,qq:004fGoVl3u0eL0,The edge of everything,Sleepmakeswaves,Post-Rock / Cinematic,same_main,False,True
style-transition-005,,primary,初始覆盖 1,initial,left,tie,0.5,1,0.25114,0.27069,qq:0040UVDj4bZZ3N,Musicology,Prince,Jazz / Soul,qq:000eNgNg1QWVlJ,レイテストナンバー,Toe,Post-Rock / Cinematic,no_overlap,True,True
style-transition-005,,primary,初始覆盖 1,initial,right,tie,0.5,1,0.25988,0.27843,qq:0040UVDj4bZZ3N,Musicology,Prince,Jazz / Soul,qq:003NDIcA0XN7hw,美梦成空 (Dream fades),Fayzz,Post-Rock / Cinematic,no_overlap,True,False
style-transition-006,,primary,初始覆盖 1,initial,left,tie,0.5,3,0.25753,0.11216,qq:002sAguz27ILLc,Night Squall,Balmorhea,Ambient / Neo-Classical,qq:002qDEvN1h3Rdi,Moments (Part 2),FKJ,Jazz / Soul,target_echoes,True,False
style-transition-006,,primary,初始覆盖 1,initial,right,tie,0.5,3,0.26452,0.08476,qq:002sAguz27ILLc,Night Squall,Balmorhea,Ambient / Neo-Classical,qq:003cjHhP4f5UoH,The Road,As The Stars Fall,Post-Rock / Cinematic,bidirectional,True,True
style-transition-007,,primary,初始覆盖 1,initial,left,right,0,1,0.63168,0.316,qq:0023U8im0EI3sM,Bee,RIOPY,Ambient / Neo-Classical,qq:001dRv8u3ZsI4Q,"Here We, Here We, Here We Go Forever",Mogwai,Post-Rock / Cinematic,target_echoes,True,False
style-transition-007,,primary,初始覆盖 1,initial,right,right,1,3,0.64019,0.09638,qq:0023U8im0EI3sM,Bee,RIOPY,Ambient / Neo-Classical,qq:004MuULj4Ma3Bm,Och du Vackra,Sejd,Ambient / Neo-Classical,same_main,True,False
style-transition-008,,primary,初始覆盖 1,initial,left,left,1,3,0.11812,0.27445,qq:003Iat1t4aoTdW,双位循环,She Never Sings Our Songs,Post-Rock / Cinematic,qq:003rblml4aVVri,Graduation Song,Murphy Radio,Post-Rock / Cinematic,same_main,False,False
style-transition-008,,primary,初始覆盖 1,initial,right,left,0,2,0.11616,0.19085,qq:003Iat1t4aoTdW,双位循环,She Never Sings Our Songs,Post-Rock / Cinematic,qq:001B8RWL2XpoZd,When You Were Mine,Prince,Jazz / Soul,no_overlap,False,False
style-transition-009,,primary,初始覆盖 1,initial,left,left,1,3,0.12147,0.1925,qq:004cPu6Q0artaY,Lecture On Nothing,Mt.,Post-Rock / Cinematic,qq:004dSD1a3aiGA7,Explore the World,I Spell it Nature,Post-Rock / Cinematic,same_main,False,False
style-transition-009,,primary,初始覆盖 1,initial,right,left,0,2,0.11397,0.12705,qq:004cPu6Q0artaY,Lecture On Nothing,Mt.,Post-Rock / Cinematic,qq:004XqfYg1mNSla,relive,toconoma,Jazz / Soul,no_overlap,False,True
style-transition-010,,primary,初始覆盖 1,initial,left,right,0,2,0.71628,0.49225,qq:001YQySr3ggoqO,Starship Syncopation,Cory Wong,Jazz / Soul,qq:002BtBtA3jlc1u,Elegy,Balmorhea,Ambient / Neo-Classical,shared_secondary,False,False
style-transition-010,,primary,初始覆盖 1,initial,right,right,1,4,0.15869,0.11371,qq:001YQySr3ggoqO,Starship Syncopation,Cory Wong,Jazz / Soul,qq:004XqfYg1mNSla,relive,toconoma,Jazz / Soul,same_main,False,True
style-transition-011,,primary,初始覆盖 1,initial,left,tie,0.5,3,0.1276,0.1496,qq:003iodBT3kKdAC,Chateau,Cory Wong,Jazz / Soul,qq:000ZNXtw2erSq2,Pearl Lakes,U137,Post-Rock / Cinematic,no_overlap,True,True
style-transition-011,,primary,初始覆盖 1,initial,right,tie,0.5,3,0.13095,0.1188,qq:003iodBT3kKdAC,Chateau,Cory Wong,Jazz / Soul,qq:001smf6l4Jw7Fx,蝉,iimmune,Electronic,no_overlap,True,True
style-transition-012,,primary,初始覆盖 1,initial,left,left,1,3,0.14621,0.19195,qq:001weqfk0vvZW5,Living Frost,Mammal Hands,Jazz / Soul,qq:000eNIUG49IH5U,Dry Fantasy,Mogwai,Post-Rock / Cinematic,no_overlap,True,True
style-transition-012,,primary,初始覆盖 1,initial,right,left,0,2,0.14322,0.24255,qq:001weqfk0vvZW5,Living Frost,Mammal Hands,Jazz / Soul,qq:000EgY123dwnX9,Belle Âme,Jordan Critz,Ambient / Neo-Classical,no_overlap,True,True
style-transition-013,,primary,初始覆盖 1,initial,left,right,0,1,0.59159,0.0165,qq:000U7YQH3N6K4D,Sundays,FKJ,Jazz / Soul,qq:000tv9T61Ow5g4,meet me in brooklyn,Yaya Bey,Hip-Hop / R&B,target_echoes,True,True
style-transition-013,,primary,初始覆盖 1,initial,right,right,1,3,0.38004,0.00978,qq:000U7YQH3N6K4D,Sundays,FKJ,Jazz / Soul,qq:001bVh683u7HG7,Rust (feat. Tom Misch),Yussef Dayes,Jazz / Soul,same_main,True,False
style-transition-014,,primary,初始覆盖 1,initial,left,right,0,1,0.15562,0.03357,qq:0037LBhA4SfrM6,Utopia,Din of Celestial Birds,Post-Rock / Cinematic,qq:001W3aRD0pTanm,Summer Suite,Jordan Critz,Ambient / Neo-Classical,no_overlap,True,False
style-transition-014,,primary,初始覆盖 1,initial,right,right,1,2,0.15239,0.0973,qq:0037LBhA4SfrM6,Utopia,Din of Celestial Birds,Post-Rock / Cinematic,qq:000K72Bh3DYh4W,Spartacus Love Theme,RePlus,Hip-Hop / R&B,no_overlap,True,False
style-transition-015,,primary,初始覆盖 1,initial,left,right,0,2,0.14325,0.17655,qq:001vTstF0ysG5Y,calm,Jizue,Jazz / Soul,qq:001I2LuN0X9HCE,Soulmate,April Rain,Post-Rock / Cinematic,source_opens,False,False
style-transition-015,,primary,初始覆盖 1,initial,right,right,1,4,0.15513,0.11935,qq:001vTstF0ysG5Y,calm,Jizue,Jazz / Soul,qq:000SVSO43iO5Sf,Kaleidoscope,fox capture plan,Jazz / Soul,same_main,False,False
style-transition-016,,audio_mismatch,初始覆盖 1,initial,left,right,0,3,0.69252,0.44275,qq:001kqduD3jf6C0,Sakura,RIOPY,Ambient / Neo-Classical,qq:001FYtvc4F7QXE,Nostalgia,JaRon Marshall,Ambient / Neo-Classical,same_main,False,False
style-transition-016,,audio_mismatch,初始覆盖 1,initial,right,right,1,4,0.69252,0.44275,qq:001kqduD3jf6C0,Sakura,RIOPY,Ambient / Neo-Classical,qq:003MaOc10uc8Ja,Rhizome,Mammal Hands,Jazz / Soul,no_overlap,False,False
style-transition-017,,primary,初始覆盖 1,initial,left,tie,0.5,3,0.15811,0.11605,qq:002de5743DbVE5,King Bozzi (feat. Sam Greenfield),Cory Wong,Jazz / Soul,qq:004gdY3S3vzhdj,季风 (Monsoon),Fayzz,Post-Rock / Cinematic,no_overlap,False,False
style-transition-017,,primary,初始覆盖 1,initial,right,tie,0.5,3,0.1445,0.2266,qq:002de5743DbVE5,King Bozzi (feat. Sam Greenfield),Cory Wong,Jazz / Soul,qq:001PQRBd0hMLtT,The Beyond,LITE,Post-Rock / Cinematic,no_overlap,False,True
style-transition-018,,primary,初始覆盖 1,initial,left,tie,0.5,2,0.16701,0.143,qq:002saJtZ3wiD5A,Joy,FKJ,Jazz / Soul,qq:0020lBfx0ge2sV,Days of Daze,tfvsjs,Post-Rock / Cinematic,no_overlap,False,False
style-transition-018,,primary,初始覆盖 1,initial,right,tie,0.5,2,0.17704,0.2442,qq:002saJtZ3wiD5A,Joy,FKJ,Jazz / Soul,qq:002dKeV033UOvU,Diamond Cut,文雀,Post-Rock / Cinematic,no_overlap,False,False
style-transition-019,,primary,初始覆盖 1,initial,left,right,0,1,0.71952,0.499,qq:0006aQVw4RReA0,Secret Pint,Mogwai,Post-Rock / Cinematic,qq:003rblml4aVVri,Graduation Song,Murphy Radio,Post-Rock / Cinematic,same_main,False,False
style-transition-019,,primary,初始覆盖 1,initial,right,right,1,2,0.54403,0.216,qq:0006aQVw4RReA0,Secret Pint,Mogwai,Post-Rock / Cinematic,qq:001smf6l4Jw7Fx,蝉,iimmune,Electronic,target_echoes,False,True
style-transition-020,,primary,初始覆盖 1,initial,left,left,1,3,0.18847,0.10175,qq:002OP9r71u0qbq,"Empty Places, Smiling Faces",I Spell it Nature,Post-Rock / Cinematic,qq:0029bARE21ML6j,南方,文雀,Post-Rock / Cinematic,same_main,True,True
style-transition-020,,primary,初始覆盖 1,initial,right,left,0,2,0.18643,0.27445,qq:002OP9r71u0qbq,"Empty Places, Smiling Faces",I Spell it Nature,Post-Rock / Cinematic,qq:003RxRsH4Zmgfz,85mm,Ludovico Einaudi,Ambient / Neo-Classical,no_overlap,True,True
style-transition-021,,primary,初始覆盖 1,initial,left,tie,0.5,2,0.19179,0.1551,qq:003ko13i4STM3G,Starcourt,Kyle Dixon & Michael Stein,Post-Rock / Cinematic,qq:0010YYK03xexiC,Rose Bay,Ludovico Einaudi,Ambient / Neo-Classical,source_opens,True,True
style-transition-021,,primary,初始覆盖 1,initial,right,tie,0.5,2,0.17363,0.1947,qq:003ko13i4STM3G,Starcourt,Kyle Dixon & Michael Stein,Post-Rock / Cinematic,qq:004CQckK0FNJ8M,Hopopono,GoGo Penguin,Jazz / Soul,target_echoes,True,True
style-transition-022,,primary,初始覆盖 1,initial,left,tie,0.5,3,0.65177,0.217,qq:002Vc37R1GSgcl,To light and then return,Sleepmakeswaves,Post-Rock / Cinematic,qq:000SVSO43iO5Sf,Kaleidoscope,fox capture plan,Jazz / Soul,target_echoes,False,False
style-transition-022,,primary,初始覆盖 1,initial,right,tie,0.5,3,0.66902,0.25155,qq:002Vc37R1GSgcl,To light and then return,Sleepmakeswaves,Post-Rock / Cinematic,qq:0020lBfx0ge2sV,Days of Daze,tfvsjs,Post-Rock / Cinematic,same_main,False,False
style-transition-023,,primary,初始覆盖 1,initial,left,tie,0.5,2,0.23879,0.24255,qq:004WXemk1jJ3OX,Launch,Din of Celestial Birds,Post-Rock / Cinematic,qq:003QeGk22mGMRh,Beauté,Jordan Critz,Ambient / Neo-Classical,no_overlap,False,False
style-transition-023,,primary,初始覆盖 1,initial,right,tie,0.5,2,0.23951,0.23595,qq:004WXemk1jJ3OX,Launch,Din of Celestial Birds,Post-Rock / Cinematic,qq:003m8N1q42ILKQ,Costa da Caparica,RIOPY,Ambient / Neo-Classical,no_overlap,False,False
style-transition-024,,primary,初始覆盖 1,initial,left,right,0,3,0.23102,0.15675,qq:0015LB9F4ePo5B,Sleepy Tea,Chon,Post-Rock / Cinematic,qq:000VscI62pVJIh,Passacaglia (fugler med ord i nebbet),Spurv,Post-Rock / Cinematic,same_main,False,False
style-transition-024,,primary,初始覆盖 1,initial,right,right,1,4,0.24321,0.07975,qq:0015LB9F4ePo5B,Sleepy Tea,Chon,Post-Rock / Cinematic,qq:002jBS8E2qmhSe,anemo,euphoria,Post-Rock / Cinematic,same_main,False,False
style-transition-025,,primary,初始覆盖 1,initial,left,right,0,3,0.6376,0.32834,qq:001neLbY2J9GCJ,Distance,Fayzz,Post-Rock / Cinematic,qq:002AKMaL3RJz3j,Pulse,RePlus,Hip-Hop / R&B,no_overlap,True,True
style-transition-025,,primary,初始覆盖 1,initial,right,right,1,4,0.38921,0.2266,qq:001neLbY2J9GCJ,Distance,Fayzz,Post-Rock / Cinematic,qq:001PQRBd0hMLtT,The Beyond,LITE,Post-Rock / Cinematic,same_main,True,True
style-transition-026,,primary,初始覆盖 1,initial,left,left,1,3,0.24589,0.13915,qq:003Vop5Z2Vz497,Fort,GoGo Penguin,Jazz / Soul,qq:0007CBem4C5bBU,Hungry Face,Mogwai,Post-Rock / Cinematic,source_opens,True,True
style-transition-026,,primary,初始覆盖 1,initial,right,left,0,2,0.23673,0.2156,qq:003Vop5Z2Vz497,Fort,GoGo Penguin,Jazz / Soul,qq:002EODbq0Fm7ZF,butterfly track,euphoria,Post-Rock / Cinematic,source_opens,True,False
style-transition-027,,primary,初始覆盖 1,initial,left,right,0,2,0.24575,0.21175,qq:002z9rv20tgIR1,From The Window Of My Room,Dorena,Post-Rock / Cinematic,qq:003APVvC4gCEzQ,"With, Beside, Against",Portico Quartet,Jazz / Soul,target_echoes,True,True
style-transition-027,,primary,初始覆盖 1,initial,right,right,1,3,0.24813,0.20735,qq:002z9rv20tgIR1,From The Window Of My Room,Dorena,Post-Rock / Cinematic,qq:000v3iuY30F41F,Madison Area,Tortoise,Post-Rock / Cinematic,same_main,True,False
style-transition-028,,primary,初始覆盖 1,initial,left,right,0,3,0.50673,0.23959,qq:004eH7Lq4QsEN4,Last Hour,FKJ,Jazz / Soul,qq:00331Tlh36QIx0,May Ninth,Khruangbin,Rock / Alternative,target_echoes,True,True
style-transition-028,,primary,初始覆盖 1,initial,right,right,1,4,0.67618,0.40872,qq:004eH7Lq4QsEN4,Last Hour,FKJ,Jazz / Soul,qq:002NTeVk2qPYXS,Anthem,FKJ,Jazz / Soul,same_main,True,False
style-transition-029,,primary,初始覆盖 1,initial,left,left,1,4,0.24731,0.01332,qq:000U7YQH3N6K4D,Sundays,FKJ,Jazz / Soul,qq:000BTyTj02a0Ge,I Giorni,Ludovico Einaudi,Ambient / Neo-Classical,source_opens,True,False
style-transition-029,,primary,初始覆盖 1,initial,right,left,0,3,0.24385,0.0165,qq:000U7YQH3N6K4D,Sundays,FKJ,Jazz / Soul,qq:002VfHxa1tciDS,Wringer,Mammal Hands,Jazz / Soul,same_main,True,True
style-transition-030,,primary,初始覆盖 1,initial,left,tie,0.5,3,0.16757,0.18715,qq:002RGulM17IOSF,Skyline,FKJ,Jazz / Soul,qq:000eNIUG49IH5U,Dry Fantasy,Mogwai,Post-Rock / Cinematic,shared_secondary,False,True
style-transition-030,,primary,初始覆盖 1,initial,right,tie,0.5,3,0.12537,0.23649,qq:002RGulM17IOSF,Skyline,FKJ,Jazz / Soul,qq:000EgY123dwnX9,Belle Âme,Jordan Critz,Ambient / Neo-Classical,source_opens,False,True
style-transition-031,,primary,初始覆盖 2,initial,left,left,1,2,0.5031,0.2156,qq:003uNcgM19QImw,One Percent,GoGo Penguin,Post-Rock / Cinematic,qq:002EODbq0Fm7ZF,butterfly track,euphoria,Post-Rock / Cinematic,same_main,True,False
style-transition-031,,primary,初始覆盖 2,initial,right,left,0,2,0.69173,0.4411,qq:003uNcgM19QImw,One Percent,GoGo Penguin,Post-Rock / Cinematic,qq:002qRalE18HT75,So We Won't Forget,Khruangbin,Rock / Alternative,shared_secondary,True,True
style-transition-032,,primary,初始覆盖 2,initial,left,left,1,3,0.25079,0.0815,qq:002NE3aq0cwveO,Sweet dream,RIOPY,Ambient / Neo-Classical,qq:004col4V0Addn1,Murmuration,GoGo Penguin,Jazz / Soul,target_echoes,False,False
style-transition-032,,primary,初始覆盖 2,initial,right,left,0,2,0.25364,0.06837,qq:002NE3aq0cwveO,Sweet dream,RIOPY,Ambient / Neo-Classical,qq:002qRalE18HT75,So We Won't Forget,Khruangbin,Rock / Alternative,target_echoes,False,True
style-transition-033,,primary,初始覆盖 2,initial,left,right,0,1,0.26468,0.19355,qq:002aDDHQ1QwW6G,semiautomatic,how to count one to ten,Post-Rock / Cinematic,qq:002Vup6o0UxIf1,Yes! I Am a Long Way from Home,Mogwai,Post-Rock / Cinematic,same_main,False,False
style-transition-033,,primary,初始覆盖 2,initial,right,right,1,3,0.27716,0.21458,qq:002aDDHQ1QwW6G,semiautomatic,how to count one to ten,Post-Rock / Cinematic,qq:0038TeYv49H4Dd,Ceiling Granny,Mogwai,Post-Rock / Cinematic,same_main,False,False
style-transition-034,,audio_mismatch,初始覆盖 2,initial,left,right,0,1,0.7137,0.48688,qq:002On4ok12vsCz,Dream,Rabpit,Ambient / Neo-Classical,qq:002d45We3GEd3t,on the pisces moon,Yaya Bey,Hip-Hop / R&B,no_overlap,False,False
style-transition-034,,audio_mismatch,初始覆盖 2,initial,right,right,1,3,0.59915,0.24925,qq:002On4ok12vsCz,Dream,Rabpit,Ambient / Neo-Classical,qq:003m8N1q42ILKQ,Costa da Caparica,RIOPY,Ambient / Neo-Classical,same_main,False,False
style-transition-035,,primary,初始覆盖 2,initial,left,left,1,3,0.25394,0.24605,qq:002ThPp80OctaY,秋水,She Never Sings Our Songs,Post-Rock / Cinematic,qq:004QB8hg0dT1OL,Cascade,Vaudlow,Post-Rock / Cinematic,same_main,False,False
style-transition-035,,primary,初始覆盖 2,initial,right,left,0,2,0.28351,0.11165,qq:002ThPp80OctaY,秋水,She Never Sings Our Songs,Post-Rock / Cinematic,qq:004fGoVl3u0eL0,The edge of everything,Sleepmakeswaves,Post-Rock / Cinematic,same_main,False,True
style-transition-004-cross-session-01,style-transition-004,repeat,初始覆盖 2,initial,left,right,0,2,0.3714,0.17545,qq:000fT9N931nfbb,Saturnine,GoGo Penguin,Post-Rock / Cinematic,qq:004fGoVl3u0eL0,The edge of everything,Sleepmakeswaves,Post-Rock / Cinematic,same_main,False,True
style-transition-004-cross-session-01,style-transition-004,repeat,初始覆盖 2,initial,right,right,1,3,0.6809,0.41855,qq:000fT9N931nfbb,Saturnine,GoGo Penguin,Post-Rock / Cinematic,qq:003QKuSZ04ELv8,Days,Balmorhea,Ambient / Neo-Classical,target_echoes,False,True
style-transition-036,,primary,初始覆盖 2,initial,left,tie,0.5,3,0.20514,0.1947,qq:000fOF2L4DQBCn,10 Years Ago,FKJ,Jazz / Soul,qq:004CQckK0FNJ8M,Hopopono,GoGo Penguin,Jazz / Soul,same_main,False,True
style-transition-036,,primary,初始覆盖 2,initial,right,tie,0.5,3,0.21867,0.23595,qq:000fOF2L4DQBCn,10 Years Ago,FKJ,Jazz / Soul,qq:003m8N1q42ILKQ,Costa da Caparica,RIOPY,Ambient / Neo-Classical,source_opens,False,False
style-transition-037,,primary,初始覆盖 2,initial,left,tie,0.5,3,0.62352,0.299,qq:003MHJDG0Ndp9B,Sepia feat. Yusuke Shima,RePlus,Hip-Hop / R&B,qq:001y4w0t38xHV3,Plug In Baby,fox capture plan,Jazz / Soul,no_overlap,False,False
style-transition-037,,primary,初始覆盖 2,initial,right,tie,0.5,3,0.6883,0.43395,qq:003MHJDG0Ndp9B,Sepia feat. Yusuke Shima,RePlus,Hip-Hop / R&B,qq:000b5w1649YZam,悋気,iwamizu,Hip-Hop / R&B,same_main,False,True
style-transition-038,,primary,初始覆盖 2,initial,left,right,0,2,0.2768,0.1551,qq:003JBxVJ3xSW0l,Love Is the Message,Yussef Dayes,Jazz / Soul,qq:0010YYK03xexiC,Rose Bay,Ludovico Einaudi,Ambient / Neo-Classical,no_overlap,False,True
style-transition-038,,primary,初始覆盖 2,initial,right,right,1,3,0.23648,0.1716,qq:003JBxVJ3xSW0l,Love Is the Message,Yussef Dayes,Jazz / Soul,qq:000WLCgm0Wniyb,To Drown in You,GoGo Penguin,Post-Rock / Cinematic,target_echoes,False,True
style-transition-039,,primary,初始覆盖 2,initial,left,tie,0.5,3,0.33006,0.22825,qq:002sN3tZ0bn0xk,As Far As the Eye Can See,As The Stars Fall,Post-Rock / Cinematic,qq:001Yr0lf42iGF6,Yellow Surf,toconoma,Jazz / Soul,target_echoes,False,False
style-transition-039,,primary,初始覆盖 2,initial,right,tie,0.5,3,0.3353,0.2288,qq:002sN3tZ0bn0xk,As Far As the Eye Can See,As The Stars Fall,Post-Rock / Cinematic,qq:001nquQQ0q36G8,Hello goodbye,toconoma,Post-Rock / Cinematic,same_main,False,True
style-transition-040,,primary,初始覆盖 2,initial,left,left,1,4,0.43785,0.22491,qq:000K72Bh3DYh4W,Spartacus Love Theme,RePlus,Hip-Hop / R&B,qq:000dpx1K39ZkOj,reflection eternal,Nujabes,Hip-Hop / R&B,same_main,False,True
style-transition-040,,primary,初始覆盖 2,initial,right,left,0,2,0.51888,0.27892,qq:000K72Bh3DYh4W,Spartacus Love Theme,RePlus,Hip-Hop / R&B,qq:001I2LuN0X9HCE,Soulmate,April Rain,Post-Rock / Cinematic,no_overlap,False,False
style-transition-041,,primary,初始覆盖 2,initial,left,right,0,3,0.26068,0.15675,qq:002r67X52ZtoO5,The Sun Smells Too Loud,Mogwai,Post-Rock / Cinematic,qq:000VscI62pVJIh,Passacaglia (fugler med ord i nebbet),Spurv,Post-Rock / Cinematic,same_main,False,False
style-transition-041,,primary,初始覆盖 2,initial,right,right,1,4,0.26039,0.07975,qq:002r67X52ZtoO5,The Sun Smells Too Loud,Mogwai,Post-Rock / Cinematic,qq:002jBS8E2qmhSe,anemo,euphoria,Post-Rock / Cinematic,same_main,False,False
style-transition-012-cross-session-02,style-transition-012,repeat,初始覆盖 2,initial,left,tie,0.5,3,0.14322,0.24255,qq:001weqfk0vvZW5,Living Frost,Mammal Hands,Jazz / Soul,qq:000EgY123dwnX9,Belle Âme,Jordan Critz,Ambient / Neo-Classical,no_overlap,True,True
style-transition-012-cross-session-02,style-transition-012,repeat,初始覆盖 2,initial,right,tie,0.5,3,0.14621,0.19195,qq:001weqfk0vvZW5,Living Frost,Mammal Hands,Jazz / Soul,qq:000eNIUG49IH5U,Dry Fantasy,Mogwai,Post-Rock / Cinematic,no_overlap,True,True
style-transition-042,,primary,初始覆盖 2,initial,left,left,1,3,0.18795,0.19195,qq:003vdMYJ25sDer,Mindtrip,Pg.Lost,Post-Rock / Cinematic,qq:000eNIUG49IH5U,Dry Fantasy,Mogwai,Post-Rock / Cinematic,same_main,False,True
style-transition-042,,primary,初始覆盖 2,initial,right,left,0,1,0.172,0.24255,qq:003vdMYJ25sDer,Mindtrip,Pg.Lost,Post-Rock / Cinematic,qq:000EgY123dwnX9,Belle Âme,Jordan Critz,Ambient / Neo-Classical,source_opens,False,True
style-transition-043,,primary,初始覆盖 2,initial,left,right,0,1,0.51177,0.20067,qq:002sAguz27ILLc,Night Squall,Balmorhea,Ambient / Neo-Classical,qq:002kFal22gjGlC,本当みたい,OGRE YOU AHOLE,Rock / Alternative,no_overlap,True,True
style-transition-043,,primary,初始覆盖 2,initial,right,right,1,2,0.36554,0.06777,qq:002sAguz27ILLc,Night Squall,Balmorhea,Ambient / Neo-Classical,qq:001W3aRD0pTanm,Summer Suite,Jordan Critz,Ambient / Neo-Classical,same_main,True,False
style-transition-044,,primary,初始覆盖 2,initial,left,right,0,3,0.23783,0.1947,qq:0041jmAn0USTgr,trippin',Nabowa,Post-Rock / Cinematic,qq:004CQckK0FNJ8M,Hopopono,GoGo Penguin,Jazz / Soul,bidirectional,False,True
style-transition-044,,primary,初始覆盖 2,initial,right,right,1,3,0.25134,0.2442,qq:0041jmAn0USTgr,trippin',Nabowa,Post-Rock / Cinematic,qq:002dKeV033UOvU,Diamond Cut,文雀,Post-Rock / Cinematic,same_main,False,False
style-transition-045,,primary,初始覆盖 2,initial,left,left,1,3,0.31146,0.1716,qq:004Uf3pG1Wulnm,Utopia (feat. Marti Fischer),Cory Wong,Jazz / Soul,qq:000WLCgm0Wniyb,To Drown in You,GoGo Penguin,Post-Rock / Cinematic,target_echoes,True,True
style-transition-045,,primary,初始覆盖 2,initial,right,left,0,2,0.3128,0.17545,qq:004Uf3pG1Wulnm,Utopia (feat. Marti Fischer),Cory Wong,Jazz / Soul,qq:004fGoVl3u0eL0,The edge of everything,Sleepmakeswaves,Post-Rock / Cinematic,no_overlap,True,True
style-transition-046,,primary,初始覆盖 2,initial,left,left,1,4,0.23504,0.12214,qq:0040UVDj4bZZ3N,Musicology,Prince,Jazz / Soul,qq:001B8RWL2XpoZd,When You Were Mine,Prince,Jazz / Soul,same_main,True,False
style-transition-046,,primary,初始覆盖 2,initial,right,left,0,3,0.64896,0.352,qq:0040UVDj4bZZ3N,Musicology,Prince,Jazz / Soul,qq:002G2Chc1MB9Gm,数字天体,iimmune,Electronic,no_overlap,True,True
style-transition-047,,primary,初始覆盖 2,initial,left,tie,0.5,3,0.26914,0.07975,qq:002rH1mb3CdKee,Masollan,Balmorhea,Ambient / Neo-Classical,qq:002jBS8E2qmhSe,anemo,euphoria,Post-Rock / Cinematic,source_opens,False,False
style-transition-047,,primary,初始覆盖 2,initial,right,tie,0.5,3,0.24548,0.15675,qq:002rH1mb3CdKee,Masollan,Balmorhea,Ambient / Neo-Classical,qq:000VscI62pVJIh,Passacaglia (fugler med ord i nebbet),Spurv,Post-Rock / Cinematic,bidirectional,False,False
style-transition-019-cross-session-03,style-transition-019,repeat,初始覆盖 2,initial,left,left,1,3,0.54403,0.216,qq:0006aQVw4RReA0,Secret Pint,Mogwai,Post-Rock / Cinematic,qq:001smf6l4Jw7Fx,蝉,iimmune,Electronic,target_echoes,False,True
style-transition-019-cross-session-03,style-transition-019,repeat,初始覆盖 2,initial,right,left,0,2,0.71952,0.499,qq:0006aQVw4RReA0,Secret Pint,Mogwai,Post-Rock / Cinematic,qq:003rblml4aVVri,Graduation Song,Murphy Radio,Post-Rock / Cinematic,same_main,False,False
style-transition-048,,primary,初始覆盖 2,initial,left,left,1,2,0.22864,0.1947,qq:0049Ll8Q2kXd5w,This Is Hell,As The Stars Fall,Post-Rock / Cinematic,qq:004CQckK0FNJ8M,Hopopono,GoGo Penguin,Jazz / Soul,target_echoes,False,True
style-transition-048,,primary,初始覆盖 2,initial,right,left,0,1,0.20843,0.1551,qq:0049Ll8Q2kXd5w,This Is Hell,As The Stars Fall,Post-Rock / Cinematic,qq:0010YYK03xexiC,Rose Bay,Ludovico Einaudi,Ambient / Neo-Classical,source_opens,False,True
style-transition-049,,primary,初始覆盖 2,initial,left,right,0,2,0.65268,0.35974,qq:002RmLCj3YocBw,Leave My Home,FKJ,Jazz / Soul,qq:003mIUru2PtkWB,We Had to End It,Cuco,Rock / Alternative,no_overlap,False,False
style-transition-049,,primary,初始覆盖 2,initial,right,right,1,3,0.16498,0.0712,qq:002RmLCj3YocBw,Leave My Home,FKJ,Jazz / Soul,qq:001nquQQ0q36G8,Hello goodbye,toconoma,Post-Rock / Cinematic,target_echoes,False,True
style-transition-050,,primary,初始覆盖 2,initial,left,left,1,4,0.30932,0.1716,qq:002LRscm3oLs9g,Labyrinth,Mammal Hands,Jazz / Soul,qq:000WLCgm0Wniyb,To Drown in You,GoGo Penguin,Post-Rock / Cinematic,target_echoes,False,True
style-transition-050,,primary,初始覆盖 2,initial,right,left,0,3,0.32691,0.17545,qq:002LRscm3oLs9g,Labyrinth,Mammal Hands,Jazz / Soul,qq:004fGoVl3u0eL0,The edge of everything,Sleepmakeswaves,Post-Rock / Cinematic,no_overlap,False,True
style-transition-051,,primary,初始覆盖 2,initial,left,tie,0.5,4,0.47864,0.261,qq:001IfO1Y2pBPvg,10th sentimen,sow,Post-Rock / Cinematic,qq:000gnR5f0L9CqV,SUNSET,LITE,Post-Rock / Cinematic,same_main,True,True
style-transition-051,,primary,初始覆盖 2,initial,right,tie,0.5,4,0.46419,0.24301,qq:001IfO1Y2pBPvg,10th sentimen,sow,Post-Rock / Cinematic,qq:0020lBfx0ge2sV,Days of Daze,tfvsjs,Post-Rock / Cinematic,same_main,True,False
style-transition-052,,primary,初始覆盖 2,initial,left,left,1,3,0.49415,0.1925,qq:001ATjVB4OutLK,Remembrance,Balmorhea,Ambient / Neo-Classical,qq:004dSD1a3aiGA7,Explore the World,I Spell it Nature,Post-Rock / Cinematic,source_opens,True,False
style-transition-052,,primary,初始覆盖 2,initial,right,left,0,2,0.70757,0.4741,qq:001ATjVB4OutLK,Remembrance,Balmorhea,Ambient / Neo-Classical,qq:003n2OkW0FRgrp,Signal In The Noise,GoGo Penguin,Jazz / Soul,shared_secondary,True,True
style-transition-053,,primary,初始覆盖 2,initial,left,right,0,2,0.24699,0.1551,qq:000MZ9zh3zXBml,Black Sails,Mammal Hands,Jazz / Soul,qq:0010YYK03xexiC,Rose Bay,Ludovico Einaudi,Ambient / Neo-Classical,no_overlap,False,True
style-transition-053,,primary,初始覆盖 2,initial,right,right,1,3,0.2459,0.19195,qq:000MZ9zh3zXBml,Black Sails,Mammal Hands,Jazz / Soul,qq:000eNIUG49IH5U,Dry Fantasy,Mogwai,Post-Rock / Cinematic,no_overlap,False,True
style-transition-027-cross-session-04,style-transition-027,repeat,初始覆盖 2,initial,left,tie,0.5,3,0.24813,0.20735,qq:002z9rv20tgIR1,From The Window Of My Room,Dorena,Post-Rock / Cinematic,qq:000v3iuY30F41F,Madison Area,Tortoise,Post-Rock / Cinematic,same_main,True,False
style-transition-027-cross-session-04,style-transition-027,repeat,初始覆盖 2,initial,right,tie,0.5,3,0.24575,0.21175,qq:002z9rv20tgIR1,From The Window Of My Room,Dorena,Post-Rock / Cinematic,qq:003APVvC4gCEzQ,"With, Beside, Against",Portico Quartet,Jazz / Soul,target_echoes,True,True
style-transition-054,,audio_mismatch,初始覆盖 2,initial,left,tie,0.5,3,0.56885,0.209,qq:004e0mqB1HOzFV,Black Spider,Mogwai,Post-Rock / Cinematic,qq:002On4ok12vsCz,Dream,Rabpit,Ambient / Neo-Classical,no_overlap,False,False
style-transition-054,,audio_mismatch,初始覆盖 2,initial,right,tie,0.5,3,0.54505,0.1639,qq:004e0mqB1HOzFV,Black Spider,Mogwai,Post-Rock / Cinematic,qq:002CCxh22un7aE,Hawaii Oslo,Hania Rani,Ambient / Neo-Classical,no_overlap,False,False
style-transition-055,,primary,初始覆盖 2,initial,left,left,1,3,0.70827,0.47556,qq:000gbYfk0lP79F,Joy,RIOPY,Ambient / Neo-Classical,qq:002ZRUn93X6hde,仁恕,iwamizu,Hip-Hop / R&B,no_overlap,False,False
style-transition-055,,primary,初始覆盖 2,initial,right,left,0,2,0.61985,0.272,qq:000gbYfk0lP79F,Joy,RIOPY,Ambient / Neo-Classical,qq:000ZNXtw2erSq2,Pearl Lakes,U137,Post-Rock / Cinematic,no_overlap,False,True
style-transition-056,,primary,初始覆盖 2,initial,left,left,1,3,0.47504,0.19085,qq:002rCRhp1lzt8z,showers with sunny intervals,how to count one to ten,Post-Rock / Cinematic,qq:001B8RWL2XpoZd,When You Were Mine,Prince,Jazz / Soul,no_overlap,False,False
style-transition-056,,primary,初始覆盖 2,initial,right,left,0,2,0.46507,0.2167,qq:002rCRhp1lzt8z,showers with sunny intervals,how to count one to ten,Post-Rock / Cinematic,qq:0040UVDj4bZZ3N,Musicology,Prince,Jazz / Soul,no_overlap,False,True
style-transition-057,,primary,初始覆盖 3,initial,left,right,0,3,0.49144,0.261,qq:004HO5WO2cxlhn,I Feel for You,Prince,Jazz / Soul,qq:000gnR5f0L9CqV,SUNSET,LITE,Post-Rock / Cinematic,no_overlap,True,True
style-transition-057,,primary,初始覆盖 3,initial,right,right,1,4,0.46228,0.231,qq:004HO5WO2cxlhn,I Feel for You,Prince,Jazz / Soul,qq:004XqfYg1mNSla,relive,toconoma,Jazz / Soul,same_main,True,True
style-transition-058,,primary,初始覆盖 3,initial,left,tie,0.5,3,0.34242,0.16445,qq:002oPRKV3Ed7YK,Spinner,Portico Quartet,Jazz / Soul,qq:00400umx31UH5p,人间风景,Fayzz,Ambient / Neo-Classical,shared_secondary,False,False
style-transition-058,,primary,初始覆盖 3,initial,right,tie,0.5,3,0.34215,0.19195,qq:002oPRKV3Ed7YK,Spinner,Portico Quartet,Jazz / Soul,qq:000eNIUG49IH5U,Dry Fantasy,Mogwai,Post-Rock / Cinematic,source_opens,False,True
style-transition-059,,primary,初始覆盖 3,initial,left,left,1,3,0.32976,0.15675,qq:002I7U190kWP0W,So That The Childen Will Always Shout Her Name,Sleepmakeswaves,Post-Rock / Cinematic,qq:000VscI62pVJIh,Passacaglia (fugler med ord i nebbet),Spurv,Post-Rock / Cinematic,same_main,False,False
style-transition-059,,primary,初始覆盖 3,initial,right,left,0,2,0.29251,0.1716,qq:002I7U190kWP0W,So That The Childen Will Always Shout Her Name,Sleepmakeswaves,Post-Rock / Cinematic,qq:000WLCgm0Wniyb,To Drown in You,GoGo Penguin,Post-Rock / Cinematic,same_main,False,True
style-transition-060,,primary,初始覆盖 3,initial,left,left,1,3,0.53386,0.216,qq:003yI3Ts3PekYt,Belle Âme (Piano),Jordan Critz,Ambient / Neo-Classical,qq:001smf6l4Jw7Fx,蝉,iimmune,Electronic,no_overlap,False,True
style-transition-060,,primary,初始覆盖 3,initial,right,left,0,2,0.49777,0.211,qq:003yI3Ts3PekYt,Belle Âme (Piano),Jordan Critz,Ambient / Neo-Classical,qq:004gdY3S3vzhdj,季风 (Monsoon),Fayzz,Post-Rock / Cinematic,no_overlap,False,False
style-transition-061,,primary,初始覆盖 3,initial,left,right,0,1,0.69305,0.44385,qq:000NyxKm0ygx4E,Julia,Pray For Sound,Post-Rock / Cinematic,qq:000BTyTj02a0Ge,I Giorni,Ludovico Einaudi,Ambient / Neo-Classical,source_opens,False,False
style-transition-061,,primary,初始覆盖 3,initial,right,right,1,2,0.67064,0.39717,qq:000NyxKm0ygx4E,Julia,Pray For Sound,Post-Rock / Cinematic,qq:001Yr0lf42iGF6,Yellow Surf,toconoma,Jazz / Soul,target_echoes,False,False
style-transition-008-cross-session-05,style-transition-008,repeat,初始覆盖 3,initial,left,right,0,2,0.11616,0.19085,qq:003Iat1t4aoTdW,双位循环,She Never Sings Our Songs,Post-Rock / Cinematic,qq:001B8RWL2XpoZd,When You Were Mine,Prince,Jazz / Soul,no_overlap,False,False
style-transition-008-cross-session-05,style-transition-008,repeat,初始覆盖 3,initial,right,right,1,4,0.11812,0.27445,qq:003Iat1t4aoTdW,双位循环,She Never Sings Our Songs,Post-Rock / Cinematic,qq:003rblml4aVVri,Graduation Song,Murphy Radio,Post-Rock / Cinematic,same_main,False,False
style-transition-062,,primary,初始覆盖 3,initial,left,right,0,2,0.53993,0.217,qq:004RlFCf21hXWK,Rollerball,Mogwai,Post-Rock / Cinematic,qq:000SVSO43iO5Sf,Kaleidoscope,fox capture plan,Jazz / Soul,target_echoes,False,False
style-transition-062,,primary,初始覆盖 3,initial,right,right,1,3,0.54476,0.272,qq:004RlFCf21hXWK,Rollerball,Mogwai,Post-Rock / Cinematic,qq:000ZNXtw2erSq2,Pearl Lakes,U137,Post-Rock / Cinematic,same_main,False,True
style-transition-063,,primary,初始覆盖 3,initial,left,tie,0.5,1,0.10997,0.21526,qq:000tv9T61Ow5g4,meet me in brooklyn,Yaya Bey,Hip-Hop / R&B,qq:002AKMaL3RJz3j,Pulse,RePlus,Hip-Hop / R&B,same_main,True,True
style-transition-063,,primary,初始覆盖 3,initial,right,tie,0.5,1,0.13187,0.12124,qq:000tv9T61Ow5g4,meet me in brooklyn,Yaya Bey,Hip-Hop / R&B,qq:001uMt9V15NBBa,distance from palette and orange lines,yutaka hirasaka,Ambient / Neo-Classical,target_echoes,True,True
style-transition-064,,primary,初始覆盖 3,initial,left,right,0,2,0.648,0.35,qq:0049LNIq2DJdpD,The Turn Within,GoGo Penguin,Jazz / Soul,qq:004QUJic2NsHKk,4 Her,iwamizu,Hip-Hop / R&B,no_overlap,False,False
style-transition-064,,primary,初始覆盖 3,initial,right,right,1,3,0.53021,0.211,qq:0049LNIq2DJdpD,The Turn Within,GoGo Penguin,Jazz / Soul,qq:004gdY3S3vzhdj,季风 (Monsoon),Fayzz,Post-Rock / Cinematic,source_opens,False,False
style-transition-065,,primary,初始覆盖 3,initial,left,tie,0.5,2,0.16895,0.16445,qq:002d45We3GEd3t,on the pisces moon,Yaya Bey,Hip-Hop / R&B,qq:001neLbY2J9GCJ,Distance,Fayzz,Post-Rock / Cinematic,no_overlap,False,True
style-transition-065,,primary,初始覆盖 3,initial,right,tie,0.5,2,0.13666,0.16445,qq:002d45We3GEd3t,on the pisces moon,Yaya Bey,Hip-Hop / R&B,qq:001y4w0t38xHV3,Plug In Baby,fox capture plan,Jazz / Soul,source_opens,False,False
style-transition-066,,primary,初始覆盖 3,initial,left,left,1,3,0.15197,0.07147,qq:002RmLCj3YocBw,Leave My Home,FKJ,Jazz / Soul,qq:001Yr0lf42iGF6,Yellow Surf,toconoma,Jazz / Soul,same_main,False,False
style-transition-066,,primary,初始覆盖 3,initial,right,left,0,2,0.15216,0.05117,qq:002RmLCj3YocBw,Leave My Home,FKJ,Jazz / Soul,qq:00400umx31UH5p,人间风景,Fayzz,Ambient / Neo-Classical,no_overlap,False,False
style-transition-067,,primary,初始覆盖 3,initial,left,left,1,2,0.5488,0.13915,qq:000xu9YP0QyWcn,Lucky,Choker,Hip-Hop / R&B,qq:0007CBem4C5bBU,Hungry Face,Mogwai,Post-Rock / Cinematic,no_overlap,True,True
style-transition-067,,primary,初始覆盖 3,initial,right,left,0,1,0.49089,0.1857,qq:000xu9YP0QyWcn,Lucky,Choker,Hip-Hop / R&B,qq:001uMt9V15NBBa,distance from palette and orange lines,yutaka hirasaka,Ambient / Neo-Classical,target_echoes,True,True
style-transition-023-cross-session-06,style-transition-023,repeat,初始覆盖 3,initial,left,tie,0.5,2,0.23951,0.23595,qq:004WXemk1jJ3OX,Launch,Din of Celestial Birds,Post-Rock / Cinematic,qq:003m8N1q42ILKQ,Costa da Caparica,RIOPY,Ambient / Neo-Classical,no_overlap,False,False
style-transition-023-cross-session-06,style-transition-023,repeat,初始覆盖 3,initial,right,tie,0.5,2,0.23879,0.24255,qq:004WXemk1jJ3OX,Launch,Din of Celestial Birds,Post-Rock / Cinematic,qq:003QeGk22mGMRh,Beauté,Jordan Critz,Ambient / Neo-Classical,no_overlap,False,False
style-transition-068,,primary,初始覆盖 3,initial,left,tie,0.5,3,0.20686,0.19044,qq:0023U8im0EI3sM,Bee,RIOPY,Ambient / Neo-Classical,qq:003QKuSZ04ELv8,Days,Balmorhea,Ambient / Neo-Classical,same_main,True,True
style-transition-068,,primary,初始覆盖 3,initial,right,tie,0.5,3,0.18964,0.14089,qq:0023U8im0EI3sM,Bee,RIOPY,Ambient / Neo-Classical,qq:002kir4k1YoDFP,Dreams Today,Efterklang,Ambient / Neo-Classical,same_main,True,True
style-transition-069,,primary,初始覆盖 3,initial,left,right,0,2,0.14974,0.01422,qq:000U7YQH3N6K4D,Sundays,FKJ,Jazz / Soul,qq:003n2OkW0FRgrp,Signal In The Noise,GoGo Penguin,Jazz / Soul,same_main,True,True
style-transition-069,,primary,初始覆盖 3,initial,right,right,1,3,0.10447,0.00927,qq:000U7YQH3N6K4D,Sundays,FKJ,Jazz / Soul,qq:000dpx1K39ZkOj,reflection eternal,Nujabes,Hip-Hop / R&B,no_overlap,True,True
style-transition-070,,primary,初始覆盖 3,initial,left,right,0,2,0.57096,0.25422,qq:002jBS8E2qmhSe,anemo,euphoria,Post-Rock / Cinematic,qq:002Ygfuj1s4GBW,はんなり,ko-ko-ya,Ambient / Neo-Classical,no_overlap,False,False
style-transition-070,,primary,初始覆盖 3,initial,right,right,1,3,0.70308,0.46475,qq:002jBS8E2qmhSe,anemo,euphoria,Post-Rock / Cinematic,qq:000AexBa3aUqOw,Moksha,Choker,Hip-Hop / R&B,shared_secondary,False,False
style-transition-071,,primary,初始覆盖 3,initial,left,tie,0.5,3,0.13569,0.2266,qq:004cPu6Q0artaY,Lecture On Nothing,Mt.,Post-Rock / Cinematic,qq:001PQRBd0hMLtT,The Beyond,LITE,Post-Rock / Cinematic,same_main,False,True
style-transition-071,,primary,初始覆盖 3,initial,right,tie,0.5,3,0.12147,0.1925,qq:004cPu6Q0artaY,Lecture On Nothing,Mt.,Post-Rock / Cinematic,qq:004dSD1a3aiGA7,Explore the World,I Spell it Nature,Post-Rock / Cinematic,same_main,False,False
style-transition-072,,primary,初始覆盖 3,initial,left,tie,0.5,3,0.13754,0.20735,qq:003Iat1t4aoTdW,双位循环,She Never Sings Our Songs,Post-Rock / Cinematic,qq:000v3iuY30F41F,Madison Area,Tortoise,Post-Rock / Cinematic,same_main,False,False
style-transition-072,,primary,初始覆盖 3,initial,right,tie,0.5,3,0.11812,0.27445,qq:003Iat1t4aoTdW,双位循环,She Never Sings Our Songs,Post-Rock / Cinematic,qq:003rblml4aVVri,Graduation Song,Murphy Radio,Post-Rock / Cinematic,same_main,False,False
style-transition-073,,primary,初始覆盖 3,initial,left,right,0,3,0.59937,0.234,qq:002NE3aq0cwveO,Sweet dream,RIOPY,Ambient / Neo-Classical,qq:001498sn27C7Bb,Becoming,Mammal Hands,Jazz / Soul,no_overlap,False,False
style-transition-073,,primary,初始覆盖 3,initial,right,right,1,3,0.5604,0.234,qq:002NE3aq0cwveO,Sweet dream,RIOPY,Ambient / Neo-Classical,qq:0019QRWW3M2ARU,Glittering sea,RePlus,Hip-Hop / R&B,no_overlap,False,False
style-transition-037-cross-session-07,style-transition-037,repeat,初始覆盖 3,initial,left,tie,0.5,3,0.6883,0.43395,qq:003MHJDG0Ndp9B,Sepia feat. Yusuke Shima,RePlus,Hip-Hop / R&B,qq:000b5w1649YZam,悋気,iwamizu,Hip-Hop / R&B,same_main,False,True
style-transition-037-cross-session-07,style-transition-037,repeat,初始覆盖 3,initial,right,tie,0.5,3,0.62352,0.299,qq:003MHJDG0Ndp9B,Sepia feat. Yusuke Shima,RePlus,Hip-Hop / R&B,qq:001y4w0t38xHV3,Plug In Baby,fox capture plan,Jazz / Soul,no_overlap,False,False
style-transition-074,,primary,初始覆盖 3,initial,left,tie,0.5,3,0.19608,0.0973,qq:0037LBhA4SfrM6,Utopia,Din of Celestial Birds,Post-Rock / Cinematic,qq:000NyxKm0ygx4E,Julia,Pray For Sound,Post-Rock / Cinematic,same_main,True,False
style-transition-074,,primary,初始覆盖 3,initial,right,tie,0.5,3,0.17405,0.04048,qq:0037LBhA4SfrM6,Utopia,Din of Celestial Birds,Post-Rock / Cinematic,qq:001nquQQ0q36G8,Hello goodbye,toconoma,Post-Rock / Cinematic,same_main,True,True
style-transition-075,,primary,初始覆盖 3,initial,left,left,1,4,0.26361,0.24335,qq:004eH7Lq4QsEN4,Last Hour,FKJ,Jazz / Soul,qq:000gbYfk0lP79F,Joy,RIOPY,Ambient / Neo-Classical,source_opens,True,False
style-transition-075,,primary,初始覆盖 3,initial,right,left,0,3,0.26091,0.14894,qq:004eH7Lq4QsEN4,Last Hour,FKJ,Jazz / Soul,qq:003uNcgM19QImw,One Percent,GoGo Penguin,Post-Rock / Cinematic,target_echoes,True,True
style-transition-076,,primary,初始覆盖 3,initial,left,tie,0.5,2,0.47215,0.10175,qq:000WLCgm0Wniyb,To Drown in You,GoGo Penguin,Post-Rock / Cinematic,qq:0029bARE21ML6j,南方,文雀,Post-Rock / Cinematic,same_main,True,True
style-transition-076,,primary,初始覆盖 3,initial,right,tie,0.5,2,0.71311,0.48565,qq:000WLCgm0Wniyb,To Drown in You,GoGo Penguin,Post-Rock / Cinematic,qq:0010KTBl2uKXfc,Nuvole Bianche,Ludovico Einaudi,Ambient / Neo-Classical,no_overlap,True,False
style-transition-077,,primary,初始覆盖 3,initial,left,left,1,4,0.1673,0.16445,qq:001vTstF0ysG5Y,calm,Jizue,Jazz / Soul,qq:001y4w0t38xHV3,Plug In Baby,fox capture plan,Jazz / Soul,same_main,False,False
style-transition-077,,primary,初始覆盖 3,initial,right,left,0,3,0.14325,0.17655,qq:001vTstF0ysG5Y,calm,Jizue,Jazz / Soul,qq:001I2LuN0X9HCE,Soulmate,April Rain,Post-Rock / Cinematic,source_opens,False,False
style-transition-078,,primary,初始覆盖 3,initial,left,right,0,2,0.2249,0.16441,qq:001YQySr3ggoqO,Starship Syncopation,Cory Wong,Jazz / Soul,qq:001uMt9V15NBBa,distance from palette and orange lines,yutaka hirasaka,Ambient / Neo-Classical,no_overlap,False,True
style-transition-078,,primary,初始覆盖 3,initial,right,right,1,3,0.20912,0.25548,qq:001YQySr3ggoqO,Starship Syncopation,Cory Wong,Jazz / Soul,qq:001Wt9JN03rczP,Xtralovable,Prince,Jazz / Soul,same_main,False,True
style-transition-079,,primary,初始覆盖 3,initial,left,tie,0.5,2,0.5202,0.239,qq:002Vup6o0UxIf1,Yes! I Am a Long Way from Home,Mogwai,Post-Rock / Cinematic,qq:001N143y1mw01Q,trot,Jizue,Jazz / Soul,target_echoes,False,False
style-transition-079,,primary,初始覆盖 3,initial,right,tie,0.5,2,0.54806,0.13265,qq:002Vup6o0UxIf1,Yes! I Am a Long Way from Home,Mogwai,Post-Rock / Cinematic,qq:001NX5Us0nXRwp,The View from Here,I Spell it Nature,Post-Rock / Cinematic,same_main,False,False
style-transition-050-cross-session-08,style-transition-050,repeat,初始覆盖 3,initial,left,right,0,2,0.32691,0.17545,qq:002LRscm3oLs9g,Labyrinth,Mammal Hands,Jazz / Soul,qq:004fGoVl3u0eL0,The edge of everything,Sleepmakeswaves,Post-Rock / Cinematic,no_overlap,False,True
style-transition-050-cross-session-08,style-transition-050,repeat,初始覆盖 3,initial,right,right,1,4,0.30932,0.1716,qq:002LRscm3oLs9g,Labyrinth,Mammal Hands,Jazz / Soul,qq:000WLCgm0Wniyb,To Drown in You,GoGo Penguin,Post-Rock / Cinematic,target_echoes,False,True
style-transition-080,,primary,初始覆盖 3,initial,left,right,0,2,0.20018,0.07373,qq:002sAguz27ILLc,Night Squall,Balmorhea,Ambient / Neo-Classical,qq:000b5w1649YZam,悋気,iwamizu,Hip-Hop / R&B,no_overlap,True,True
style-transition-080,,primary,初始覆盖 3,initial,right,right,1,3,0.1657,0.08635,qq:002sAguz27ILLc,Night Squall,Balmorhea,Ambient / Neo-Classical,qq:002aDDHQ1QwW6G,semiautomatic,how to count one to ten,Post-Rock / Cinematic,source_opens,True,False
style-transition-081,,primary,初始覆盖 3,initial,left,right,0,3,0.11349,0.16445,qq:002AKMaL3RJz3j,Pulse,RePlus,Hip-Hop / R&B,qq:001neLbY2J9GCJ,Distance,Fayzz,Post-Rock / Cinematic,no_overlap,True,True
style-transition-081,,primary,初始覆盖 3,initial,right,right,1,3,0.10906,0.18975,qq:002AKMaL3RJz3j,Pulse,RePlus,Hip-Hop / R&B,qq:001W3aRD0pTanm,Summer Suite,Jordan Critz,Ambient / Neo-Classical,source_opens,True,False
style-transition-082,,primary,初始覆盖 3,initial,left,left,1,4,0.33871,0.21261,qq:004ZpSBX017qTA,Open,GoGo Penguin,Jazz / Soul,qq:003APVvC4gCEzQ,"With, Beside, Against",Portico Quartet,Jazz / Soul,same_main,False,True
style-transition-082,,primary,初始覆盖 3,initial,right,left,0,3,0.21579,0.24255,qq:004ZpSBX017qTA,Open,GoGo Penguin,Jazz / Soul,qq:000EgY123dwnX9,Belle Âme,Jordan Critz,Ambient / Neo-Classical,no_overlap,False,True
style-transition-083,,primary,初始覆盖 4,initial,left,left,1,3,0.15244,0.21175,qq:003iodBT3kKdAC,Chateau,Cory Wong,Jazz / Soul,qq:003APVvC4gCEzQ,"With, Beside, Against",Portico Quartet,Jazz / Soul,same_main,True,True
style-transition-083,,primary,初始覆盖 4,initial,right,left,0,2,0.18356,0.10175,qq:003iodBT3kKdAC,Chateau,Cory Wong,Jazz / Soul,qq:0029bARE21ML6j,南方,文雀,Post-Rock / Cinematic,no_overlap,True,True
style-transition-084,,primary,初始覆盖 4,initial,left,right,0,3,0.21448,0.25025,qq:0023U8im0EI3sM,Bee,RIOPY,Ambient / Neo-Classical,qq:0004sVx62fZsQj,神游夜话,文雀,Post-Rock / Cinematic,no_overlap,True,True
style-transition-084,,primary,初始覆盖 4,initial,right,right,1,4,0.21684,0.16667,qq:0023U8im0EI3sM,Bee,RIOPY,Ambient / Neo-Classical,qq:003lEgBs3VZWWD,Woven Song — piano reworks,Hania Rani,Ambient / Neo-Classical,same_main,True,False
style-transition-085,,primary,初始覆盖 4,initial,left,right,0,2,0.71118,0.48163,qq:003lEgBs3VZWWD,Woven Song — piano reworks,Hania Rani,Ambient / Neo-Classical,qq:004QB8hg0dT1OL,Cascade,Vaudlow,Post-Rock / Cinematic,target_echoes,False,False
style-transition-085,,primary,初始覆盖 4,initial,right,right,1,4,0.65996,0.298,qq:003lEgBs3VZWWD,Woven Song — piano reworks,Hania Rani,Ambient / Neo-Classical,qq:002CCxh22un7aE,Hawaii Oslo,Hania Rani,Ambient / Neo-Classical,same_main,False,False
style-transition-086,,primary,初始覆盖 4,initial,left,tie,0.5,3,0.24589,0.13915,qq:003Vop5Z2Vz497,Fort,GoGo Penguin,Jazz / Soul,qq:0007CBem4C5bBU,Hungry Face,Mogwai,Post-Rock / Cinematic,source_opens,True,True
style-transition-086,,primary,初始覆盖 4,initial,right,tie,0.5,3,0.2607,0.16775,qq:003Vop5Z2Vz497,Fort,GoGo Penguin,Jazz / Soul,qq:004MuULj4Ma3Bm,Och du Vackra,Sejd,Ambient / Neo-Classical,no_overlap,True,False
style-transition-087,,primary,初始覆盖 4,initial,left,right,0,2,0.15251,0.07548,qq:002RmLCj3YocBw,Leave My Home,FKJ,Jazz / Soul,qq:003QeGk22mGMRh,Beauté,Jordan Critz,Ambient / Neo-Classical,no_overlap,False,False
style-transition-087,,primary,初始覆盖 4,initial,right,right,1,3,0.15216,0.05117,qq:002RmLCj3YocBw,Leave My Home,FKJ,Jazz / Soul,qq:00400umx31UH5p,人间风景,Fayzz,Ambient / Neo-Classical,no_overlap,False,False
style-transition-013-cross-session-09,style-transition-013,repeat,初始覆盖 4,initial,left,left,1,3,0.38004,0.00978,qq:000U7YQH3N6K4D,Sundays,FKJ,Jazz / Soul,qq:001bVh683u7HG7,Rust (feat. Tom Misch),Yussef Dayes,Jazz / Soul,same_main,True,False
style-transition-013-cross-session-09,style-transition-013,repeat,初始覆盖 4,initial,right,left,0,2,0.59159,0.0165,qq:000U7YQH3N6K4D,Sundays,FKJ,Jazz / Soul,qq:000tv9T61Ow5g4,meet me in brooklyn,Yaya Bey,Hip-Hop / R&B,target_echoes,True,True
style-transition-088,,primary,初始覆盖 4,initial,left,left,1,3,0.70836,0.47575,qq:003DiK0D020Mzo,Raisins Under the Sun,Yussef Dayes,Jazz / Soul,qq:001Ym2mk0sbiwn,Quiet Fire,Mammal Hands,Jazz / Soul,same_main,False,False
style-transition-088,,primary,初始覆盖 4,initial,right,left,0,2,0.66096,0.377,qq:003DiK0D020Mzo,Raisins Under the Sun,Yussef Dayes,Jazz / Soul,qq:000v3iuY30F41F,Madison Area,Tortoise,Post-Rock / Cinematic,target_echoes,False,False
style-transition-089,,primary,初始覆盖 4,initial,left,tie,0.5,2,0.05998,0.07659,qq:000tv9T61Ow5g4,meet me in brooklyn,Yaya Bey,Hip-Hop / R&B,qq:004gdY3S3vzhdj,季风 (Monsoon),Fayzz,Post-Rock / Cinematic,no_overlap,True,False
style-transition-089,,primary,初始覆盖 4,initial,right,tie,0.5,2,0.06779,0.14956,qq:000tv9T61Ow5g4,meet me in brooklyn,Yaya Bey,Hip-Hop / R&B,qq:001PQRBd0hMLtT,The Beyond,LITE,Post-Rock / Cinematic,no_overlap,True,True
style-transition-090,,primary,初始覆盖 4,initial,left,right,0,2,0.19065,0.18876,qq:001NX5Us0nXRwp,The View from Here,I Spell it Nature,Post-Rock / Cinematic,qq:003m8N1q42ILKQ,Costa da Caparica,RIOPY,Ambient / Neo-Classical,no_overlap,False,False
style-transition-090,,primary,初始覆盖 4,initial,right,right,1,3,0.19426,0.24684,qq:001NX5Us0nXRwp,The View from Here,I Spell it Nature,Post-Rock / Cinematic,qq:0038TeYv49H4Dd,Ceiling Granny,Mogwai,Post-Rock / Cinematic,same_main,False,False
style-transition-091,,primary,初始覆盖 4,initial,left,right,0,3,0.68423,0.42547,qq:002kir4k1YoDFP,Dreams Today,Efterklang,Ambient / Neo-Classical,qq:001kDHTp1XwKpK,An Unbroken Thread of Awareness,GoGo Penguin,Jazz / Soul,target_echoes,True,False
style-transition-091,,primary,初始覆盖 4,initial,right,right,1,4,0.69168,0.441,qq:002kir4k1YoDFP,Dreams Today,Efterklang,Ambient / Neo-Classical,qq:003QeGk22mGMRh,Beauté,Jordan Critz,Ambient / Neo-Classical,same_main,True,False
style-transition-092,,primary,初始覆盖 4,initial,left,right,0,2,0.14139,0.1925,qq:002de5743DbVE5,King Bozzi (feat. Sam Greenfield),Cory Wong,Jazz / Soul,qq:004dSD1a3aiGA7,Explore the World,I Spell it Nature,Post-Rock / Cinematic,no_overlap,False,False
style-transition-092,,primary,初始覆盖 4,initial,right,right,1,3,0.1445,0.12705,qq:002de5743DbVE5,King Bozzi (feat. Sam Greenfield),Cory Wong,Jazz / Soul,qq:004XqfYg1mNSla,relive,toconoma,Jazz / Soul,same_main,False,True
style-transition-093,,primary,初始覆盖 4,initial,left,right,0,2,0.25079,0.0815,qq:002NE3aq0cwveO,Sweet dream,RIOPY,Ambient / Neo-Classical,qq:004col4V0Addn1,Murmuration,GoGo Penguin,Jazz / Soul,target_echoes,False,False
style-transition-093,,primary,初始覆盖 4,initial,right,right,1,3,0.26821,0.08525,qq:002NE3aq0cwveO,Sweet dream,RIOPY,Ambient / Neo-Classical,qq:001Ym2mk0sbiwn,Quiet Fire,Mammal Hands,Jazz / Soul,no_overlap,False,False
style-transition-034-cross-session-10,style-transition-034,audio_mismatch,初始覆盖 4,initial,left,left,1,3,0.59915,0.24925,qq:002On4ok12vsCz,Dream,Rabpit,Ambient / Neo-Classical,qq:003m8N1q42ILKQ,Costa da Caparica,RIOPY,Ambient / Neo-Classical,same_main,False,False
style-transition-034-cross-session-10,style-transition-034,audio_mismatch,初始覆盖 4,initial,right,left,0,2,0.7137,0.48688,qq:002On4ok12vsCz,Dream,Rabpit,Ambient / Neo-Classical,qq:002d45We3GEd3t,on the pisces moon,Yaya Bey,Hip-Hop / R&B,no_overlap,False,False
style-transition-094,,primary,初始覆盖 4,initial,left,tie,0.5,2,0.71364,0.48675,qq:001JX2Tc1QyY58,Supersonic,fox capture plan,Jazz / Soul,qq:000rTqiI3xKa8N,Underwood,Ludovico Einaudi,Ambient / Neo-Classical,no_overlap,False,False
style-transition-094,,primary,初始覆盖 4,initial,right,tie,0.5,2,0.47448,0.15675,qq:001JX2Tc1QyY58,Supersonic,fox capture plan,Jazz / Soul,qq:000VscI62pVJIh,Passacaglia (fugler med ord i nebbet),Spurv,Post-Rock / Cinematic,source_opens,False,False
style-transition-095,,primary,初始覆盖 4,initial,left,left,1,2,0.18643,0.27445,qq:002OP9r71u0qbq,"Empty Places, Smiling Faces",I Spell it Nature,Post-Rock / Cinematic,qq:003RxRsH4Zmgfz,85mm,Ludovico Einaudi,Ambient / Neo-Classical,no_overlap,True,True
style-transition-095,,primary,初始覆盖 4,initial,right,left,0,1,0.19939,0.2167,qq:002OP9r71u0qbq,"Empty Places, Smiling Faces",I Spell it Nature,Post-Rock / Cinematic,qq:0040UVDj4bZZ3N,Musicology,Prince,Jazz / Soul,no_overlap,True,True
style-transition-096,,audio_mismatch,初始覆盖 4,initial,left,right,0,3,0.20834,0.209,qq:002z9rv20tgIR1,From The Window Of My Room,Dorena,Post-Rock / Cinematic,qq:002On4ok12vsCz,Dream,Rabpit,Ambient / Neo-Classical,no_overlap,True,False
style-transition-096,,audio_mismatch,初始覆盖 4,initial,right,right,1,3,0.17662,0.27445,qq:002z9rv20tgIR1,From The Window Of My Room,Dorena,Post-Rock / Cinematic,qq:003rblml4aVVri,Graduation Song,Murphy Radio,Post-Rock / Cinematic,same_main,True,False
style-transition-097,,primary,初始覆盖 4,initial,left,tie,0.5,3,0.26328,0.19705,qq:0049LNIq2DJdpD,The Turn Within,GoGo Penguin,Jazz / Soul,qq:002kir4k1YoDFP,Dreams Today,Efterklang,Ambient / Neo-Classical,no_overlap,False,True
style-transition-097,,primary,初始覆盖 4,initial,right,tie,0.5,3,0.25238,0.19355,qq:0049LNIq2DJdpD,The Turn Within,GoGo Penguin,Jazz / Soul,qq:002Vup6o0UxIf1,Yes! I Am a Long Way from Home,Mogwai,Post-Rock / Cinematic,source_opens,False,False
style-transition-098,,primary,初始覆盖 4,initial,left,left,1,3,0.31929,0.26915,qq:002G2Chc1MB9Gm,数字天体,iimmune,Electronic,qq:000eNgNg1QWVlJ,レイテストナンバー,Toe,Post-Rock / Cinematic,source_opens,True,True
style-transition-098,,primary,初始覆盖 4,initial,right,left,0,2,0.32043,0.27615,qq:002G2Chc1MB9Gm,数字天体,iimmune,Electronic,qq:000b5w1649YZam,悋気,iwamizu,Hip-Hop / R&B,no_overlap,True,True
style-transition-099,,primary,初始覆盖 4,initial,left,left,1,3,0.16783,0.16445,qq:002oPRKV3Ed7YK,Spinner,Portico Quartet,Jazz / Soul,qq:001y4w0t38xHV3,Plug In Baby,fox capture plan,Jazz / Soul,same_main,False,False
style-transition-099,,primary,初始覆盖 4,initial,right,left,0,3,0.17185,0.11935,qq:002oPRKV3Ed7YK,Spinner,Portico Quartet,Jazz / Soul,qq:000SVSO43iO5Sf,Kaleidoscope,fox capture plan,Jazz / Soul,same_main,False,False
style-transition-055-cross-session-11,style-transition-055,repeat,初始覆盖 4,initial,left,left,1,3,0.61985,0.272,qq:000gbYfk0lP79F,Joy,RIOPY,Ambient / Neo-Classical,qq:000ZNXtw2erSq2,Pearl Lakes,U137,Post-Rock / Cinematic,no_overlap,False,True
style-transition-055-cross-session-11,style-transition-055,repeat,初始覆盖 4,initial,right,left,0,2,0.70827,0.47556,qq:000gbYfk0lP79F,Joy,RIOPY,Ambient / Neo-Classical,qq:002ZRUn93X6hde,仁恕,iwamizu,Hip-Hop / R&B,no_overlap,False,False
style-transition-100,,primary,初始覆盖 4,initial,left,left,1,3,0.19608,0.0973,qq:0037LBhA4SfrM6,Utopia,Din of Celestial Birds,Post-Rock / Cinematic,qq:000NyxKm0ygx4E,Julia,Pray For Sound,Post-Rock / Cinematic,same_main,True,False
style-transition-100,,primary,初始覆盖 4,initial,right,left,0,2,0.15239,0.0973,qq:0037LBhA4SfrM6,Utopia,Din of Celestial Birds,Post-Rock / Cinematic,qq:000K72Bh3DYh4W,Spartacus Love Theme,RePlus,Hip-Hop / R&B,no_overlap,True,False
style-transition-101,,primary,初始覆盖 4,initial,left,left,1,3,0.20128,0.2156,qq:001JX2Tc1QyY58,Supersonic,fox capture plan,Jazz / Soul,qq:002EODbq0Fm7ZF,butterfly track,euphoria,Post-Rock / Cinematic,source_opens,False,False
style-transition-101,,primary,初始覆盖 4,initial,right,left,0,2,0.22699,0.20735,qq:001JX2Tc1QyY58,Supersonic,fox capture plan,Jazz / Soul,qq:000v3iuY30F41F,Madison Area,Tortoise,Post-Rock / Cinematic,bidirectional,False,False
style-transition-102,,primary,初始覆盖 4,initial,left,left,1,3,0.18353,0.10175,qq:002saJtZ3wiD5A,Joy,FKJ,Jazz / Soul,qq:0029bARE21ML6j,南方,文雀,Post-Rock / Cinematic,no_overlap,False,True
style-transition-102,,primary,初始覆盖 4,initial,right,left,0,2,0.17704,0.2442,qq:002saJtZ3wiD5A,Joy,FKJ,Jazz / Soul,qq:002dKeV033UOvU,Diamond Cut,文雀,Post-Rock / Cinematic,no_overlap,False,False
style-transition-103,,primary,初始覆盖 4,initial,left,right,0,3,0.24385,0.0165,qq:000U7YQH3N6K4D,Sundays,FKJ,Jazz / Soul,qq:002VfHxa1tciDS,Wringer,Mammal Hands,Jazz / Soul,same_main,True,True
style-transition-103,,primary,初始覆盖 4,initial,right,right,1,4,0.20157,0.01582,qq:000U7YQH3N6K4D,Sundays,FKJ,Jazz / Soul,qq:002NTeVk2qPYXS,Anthem,FKJ,Jazz / Soul,same_main,True,False
style-transition-104,,primary,初始覆盖 4,initial,left,tie,0.5,3,0.25753,0.11216,qq:002sAguz27ILLc,Night Squall,Balmorhea,Ambient / Neo-Classical,qq:002qDEvN1h3Rdi,Moments (Part 2),FKJ,Jazz / Soul,target_echoes,True,False
style-transition-104,,primary,初始覆盖 4,initial,right,tie,0.5,3,0.24931,0.09345,qq:002sAguz27ILLc,Night Squall,Balmorhea,Ambient / Neo-Classical,qq:001ATjVB4OutLK,Remembrance,Balmorhea,Ambient / Neo-Classical,same_main,True,True
style-transition-105,,primary,初始覆盖 4,initial,left,left,1,3,0.1833,0.19085,qq:003n2OkW0FRgrp,Signal In The Noise,GoGo Penguin,Jazz / Soul,qq:001B8RWL2XpoZd,When You Were Mine,Prince,Jazz / Soul,same_main,True,False
style-transition-105,,primary,初始覆盖 4,initial,right,left,0,2,0.18549,0.1639,qq:003n2OkW0FRgrp,Signal In The Noise,GoGo Penguin,Jazz / Soul,qq:002CCxh22un7aE,Hawaii Oslo,Hania Rani,Ambient / Neo-Classical,no_overlap,True,False
style-transition-073-cross-session-12,style-transition-073,repeat,初始覆盖 4,initial,left,tie,0.5,3,0.5604,0.234,qq:002NE3aq0cwveO,Sweet dream,RIOPY,Ambient / Neo-Classical,qq:0019QRWW3M2ARU,Glittering sea,RePlus,Hip-Hop / R&B,no_overlap,False,False
style-transition-073-cross-session-12,style-transition-073,repeat,初始覆盖 4,initial,right,tie,0.5,3,0.59937,0.234,qq:002NE3aq0cwveO,Sweet dream,RIOPY,Ambient / Neo-Classical,qq:001498sn27C7Bb,Becoming,Mammal Hands,Jazz / Soul,no_overlap,False,False
style-transition-106,,primary,初始覆盖 4,initial,left,left,1,3,0.11471,0.1188,qq:001vTstF0ysG5Y,calm,Jizue,Jazz / Soul,qq:001smf6l4Jw7Fx,蝉,iimmune,Electronic,shared_secondary,False,True
style-transition-106,,primary,初始覆盖 4,initial,right,left,0,2,0.14325,0.17655,qq:001vTstF0ysG5Y,calm,Jizue,Jazz / Soul,qq:001I2LuN0X9HCE,Soulmate,April Rain,Post-Rock / Cinematic,source_opens,False,False
style-transition-107,,primary,初始覆盖 4,initial,left,tie,0.5,4,0.22365,0.25025,qq:0023U8im0EI3sM,Bee,RIOPY,Ambient / Neo-Classical,qq:004QUJic2NsHKk,4 Her,iwamizu,Hip-Hop / R&B,no_overlap,True,False
style-transition-107,,primary,初始覆盖 4,initial,right,tie,0.5,4,0.21684,0.16667,qq:0023U8im0EI3sM,Bee,RIOPY,Ambient / Neo-Classical,qq:003lEgBs3VZWWD,Woven Song — piano reworks,Hania Rani,Ambient / Neo-Classical,same_main,True,False
style-transition-108,,primary,初始覆盖 4,initial,left,tie,0.5,3,0.1276,0.1496,qq:003iodBT3kKdAC,Chateau,Cory Wong,Jazz / Soul,qq:000ZNXtw2erSq2,Pearl Lakes,U137,Post-Rock / Cinematic,no_overlap,True,True
style-transition-108,,primary,初始覆盖 4,initial,right,tie,0.5,3,0.15244,0.21175,qq:003iodBT3kKdAC,Chateau,Cory Wong,Jazz / Soul,qq:003APVvC4gCEzQ,"With, Beside, Against",Portico Quartet,Jazz / Soul,same_main,True,True
style-matrix-completion-031,,primary,矩阵补全 2,matrix,left,right,0,2,0.429909,0.2373,qq:002G2Chc1MB9Gm,数字天体,iimmune,Electronic,qq:0031jUG02CmUjU,Saans Lo,Arooj Aftab,Folk / Singer-Songwriter,no_overlap,True,True
style-matrix-completion-031,,primary,矩阵补全 2,matrix,right,right,1,3,0.30351,0.1239,qq:002G2Chc1MB9Gm,数字天体,iimmune,Electronic,qq:004CQckK0FNJ8M,Hopopono,GoGo Penguin,Jazz / Soul,shared_secondary,True,True
style-matrix-completion-032,,primary,矩阵补全 2,matrix,left,right,0,1,0.332728,0.17115,qq:002RmLCj3YocBw,Leave My Home,FKJ,Jazz / Soul,qq:00412O2t3vvSaf,Inayaat,Arooj Aftab,Folk / Singer-Songwriter,no_overlap,False,False
style-matrix-completion-032,,primary,矩阵补全 2,matrix,right,right,1,3,0.20086,0.17115,qq:002RmLCj3YocBw,Leave My Home,FKJ,Jazz / Soul,qq:000nNWD4350LJQ,Ante Meridiem,Men I Trust,Electronic,bidirectional,False,False
style-matrix-completion-033,,primary,矩阵补全 2,matrix,left,left,1,2,0.515511,0.216,qq:000eyJQw2EJvvT,Baghon Main,"Arooj Aftab, Darian Donovan Thomas",Folk / Singer-Songwriter,qq:001smf6l4Jw7Fx,蝉,iimmune,Electronic,no_overlap,False,True
style-matrix-completion-033,,primary,矩阵补全 2,matrix,right,left,0,1,0.454991,0.135837,qq:000eyJQw2EJvvT,Baghon Main,"Arooj Aftab, Darian Donovan Thomas",Folk / Singer-Songwriter,qq:002jBS8E2qmhSe,anemo,euphoria,Post-Rock / Cinematic,no_overlap,False,False
style-matrix-completion-034,,primary,矩阵补全 2,matrix,left,left,1,2,0.15862,0.07975,qq:002qRalE18HT75,So We Won't Forget,Khruangbin,Rock / Alternative,qq:002jBS8E2qmhSe,anemo,euphoria,Post-Rock / Cinematic,no_overlap,True,False
style-matrix-completion-034,,primary,矩阵补全 2,matrix,right,left,0,2,0.49986,0.1188,qq:002qRalE18HT75,So We Won't Forget,Khruangbin,Rock / Alternative,qq:001smf6l4Jw7Fx,蝉,iimmune,Electronic,no_overlap,True,True
style-matrix-completion-035,,primary,矩阵补全 2,matrix,left,right,0,2,0.509645,0.257301,qq:000K72Bh3DYh4W,Spartacus Love Theme,Re:Plus,Hip-Hop / R&B,qq:0031jUG02CmUjU,Saans Lo,Arooj Aftab,Folk / Singer-Songwriter,no_overlap,False,True
style-matrix-completion-035,,primary,矩阵补全 2,matrix,right,right,1,2,0.639572,0.332442,qq:000K72Bh3DYh4W,Spartacus Love Theme,Re:Plus,Hip-Hop / R&B,qq:002eHWc10R58Uk,Caja de la Sala,Khruangbin,Rock / Alternative,no_overlap,False,True
style-matrix-completion-036,,primary,矩阵补全 2,matrix,left,left,1,3,0.19743,0.2007,qq:0023U8im0EI3sM,Bee,RIOPY,Ambient / Neo-Classical,qq:002qRalE18HT75,So We Won't Forget,Khruangbin,Rock / Alternative,target_echoes,True,True
style-matrix-completion-036,,primary,矩阵补全 2,matrix,right,left,0,1,0.327207,0.17042,qq:0023U8im0EI3sM,Bee,RIOPY,Ambient / Neo-Classical,qq:001hpPyk2HS7Y2,Diya Hai,"Arooj Aftab, Badi Assad",Folk / Singer-Songwriter,target_echoes,True,False
style-matrix-completion-037,,primary,矩阵补全 2,matrix,left,tie,0.5,2,0.310188,0.109949,qq:0037LBhA4SfrM6,Utopia,Din of Celestial Birds,Post-Rock / Cinematic,qq:003Ivfhy114Vlr,5Am Waltz,Men I Trust,Electronic,no_overlap,True,True
style-matrix-completion-037,,primary,矩阵补全 2,matrix,right,tie,0.5,2,0.2346,0.0973,qq:0037LBhA4SfrM6,Utopia,Din of Celestial Birds,Post-Rock / Cinematic,qq:000xu9YP0QyWcn,Lucky,Choker,Hip-Hop / R&B,no_overlap,True,True
style-matrix-completion-006-cross-session-01,style-matrix-completion-006,repeat,矩阵补全 2,matrix,left,right,0,2,0.18892,0.14421,qq:00331Tlh36QIx0,May Ninth,Khruangbin,Rock / Alternative,qq:000VscI62pVJIh,Passacaglia (fugler med ord i nebbet),Spurv,Post-Rock / Cinematic,shared_secondary,True,False
style-matrix-completion-006-cross-session-01,style-matrix-completion-006,repeat,矩阵补全 2,matrix,right,right,1,3,0.19725,0.14269,qq:00331Tlh36QIx0,May Ninth,Khruangbin,Rock / Alternative,qq:0010YYK03xexiC,Rose Bay,Ludovico Einaudi,Ambient / Neo-Classical,source_opens,True,True
style-matrix-completion-038,,primary,矩阵补全 2,matrix,left,right,0,2,0.627168,0.3066,qq:002G2Chc1MB9Gm,数字天体,iimmune,Electronic,qq:002eHWc10R58Uk,Caja de la Sala,Khruangbin,Rock / Alternative,no_overlap,True,True
style-matrix-completion-038,,primary,矩阵补全 2,matrix,right,right,1,3,0.37223,0.2383,qq:002G2Chc1MB9Gm,数字天体,iimmune,Electronic,qq:000dpx1K39ZkOj,reflection eternal,Nujabes,Hip-Hop / R&B,no_overlap,True,True
style-matrix-completion-039,,primary,矩阵补全 2,matrix,left,left,1,3,0.25134,0.1589,qq:001Wt9JN03rczP,Xtralovable,Prince,Jazz / Soul,qq:002kFal22gjGlC,本当みたい,OGRE YOU A**HOLE,Rock / Alternative,no_overlap,True,True
style-matrix-completion-039,,primary,矩阵补全 2,matrix,right,left,0,2,0.23609,0.09423,qq:001Wt9JN03rczP,Xtralovable,Prince,Jazz / Soul,qq:002AKMaL3RJz3j,Pulse,Re:Plus,Hip-Hop / R&B,source_opens,True,True
style-matrix-completion-040,,primary,矩阵补全 2,matrix,left,left,1,3,0.774491,0.613524,qq:002S70Vi2giIup,Mohabbat,Arooj Aftab,Folk / Singer-Songwriter,qq:0031jUG02CmUjU,Saans Lo,Arooj Aftab,Folk / Singer-Songwriter,same_main,True,True
style-matrix-completion-040,,primary,矩阵补全 2,matrix,right,left,0,3,0.616631,0.284648,qq:002S70Vi2giIup,Mohabbat,Arooj Aftab,Folk / Singer-Songwriter,qq:001y4w0t38xHV3,Plug In Baby,fox capture plan,Jazz / Soul,no_overlap,True,False
style-matrix-completion-041,,primary,矩阵补全 2,matrix,left,left,1,3,0.393214,0.23835,qq:002eHWc10R58Uk,Caja de la Sala,Khruangbin,Rock / Alternative,qq:001hpPyk2HS7Y2,Diya Hai,"Arooj Aftab, Badi Assad",Folk / Singer-Songwriter,no_overlap,True,False
style-matrix-completion-041,,primary,矩阵补全 2,matrix,right,left,0,3,0.47645,0.193697,qq:002eHWc10R58Uk,Caja de la Sala,Khruangbin,Rock / Alternative,qq:004CQckK0FNJ8M,Hopopono,GoGo Penguin,Jazz / Soul,source_opens,True,True
style-matrix-completion-042,,primary,矩阵补全 2,matrix,left,right,0,1,0.21869,0.1837,qq:002d45We3GEd3t,on the pisces moon,Yaya Bey,Hip-Hop / R&B,qq:001uMt9V15NBBa,distance from palette and orange lines,yutaka hirasaka,Ambient / Neo-Classical,target_echoes,False,True
style-matrix-completion-042,,primary,矩阵补全 2,matrix,right,right,1,1,0.17315,0.1188,qq:002d45We3GEd3t,on the pisces moon,Yaya Bey,Hip-Hop / R&B,qq:001smf6l4Jw7Fx,蝉,iimmune,Electronic,no_overlap,False,True
style-matrix-completion-043,,primary,矩阵补全 2,matrix,left,right,0,1,0.466004,0.239,qq:002Vup6o0UxIf1,Yes! I Am a Long Way from Home,Mogwai,Post-Rock / Cinematic,qq:000eyJQw2EJvvT,Baghon Main,"Arooj Aftab, Darian Donovan Thomas",Folk / Singer-Songwriter,no_overlap,False,False
style-matrix-completion-043,,primary,矩阵补全 2,matrix,right,right,1,2,0.45733,0.239,qq:002Vup6o0UxIf1,Yes! I Am a Long Way from Home,Mogwai,Post-Rock / Cinematic,qq:00331Tlh36QIx0,May Ninth,Khruangbin,Rock / Alternative,no_overlap,False,True
style-matrix-completion-044,,primary,矩阵补全 2,matrix,left,left,1,3,0.15364,0.19195,qq:001smf6l4Jw7Fx,蝉,iimmune,Electronic,qq:000eNIUG49IH5U,Dry Fantasy,Mogwai,Post-Rock / Cinematic,source_opens,True,True
style-matrix-completion-044,,primary,矩阵补全 2,matrix,right,left,0,2,0.19198,0.24255,qq:001smf6l4Jw7Fx,蝉,iimmune,Electronic,qq:000EgY123dwnX9,Belle Âme,Jordan Critz,Ambient / Neo-Classical,no_overlap,True,True
style-matrix-completion-016-cross-session-02,style-matrix-completion-016,repeat,矩阵补全 2,matrix,left,left,1,2,0.249851,0.0973,qq:0037LBhA4SfrM6,Utopia,Din of Celestial Birds,Post-Rock / Cinematic,qq:000nNWD4350LJQ,Ante Meridiem,Men I Trust,Electronic,no_overlap,True,False
style-matrix-completion-016-cross-session-02,style-matrix-completion-016,repeat,矩阵补全 2,matrix,right,left,0,1,0.401978,0.0973,qq:0037LBhA4SfrM6,Utopia,Din of Celestial Birds,Post-Rock / Cinematic,qq:00412O2t3vvSaf,Inayaat,Arooj Aftab,Folk / Singer-Songwriter,no_overlap,True,False
style-matrix-completion-045,,primary,矩阵补全 2,matrix,left,left,1,2,0.846482,0.763504,qq:002S70Vi2giIup,Mohabbat,Arooj Aftab,Folk / Singer-Songwriter,qq:002qRalE18HT75,So We Won't Forget,Khruangbin,Rock / Alternative,no_overlap,True,True
style-matrix-completion-045,,primary,矩阵补全 2,matrix,right,left,0,1,0.750977,0.564536,qq:002S70Vi2giIup,Mohabbat,Arooj Aftab,Folk / Singer-Songwriter,qq:002AKMaL3RJz3j,Pulse,Re:Plus,Hip-Hop / R&B,no_overlap,True,True
style-matrix-completion-046,,primary,矩阵补全 2,matrix,left,left,1,3,0.69173,0.4411,qq:002kFal22gjGlC,本当みたい,OGRE YOU A**HOLE,Rock / Alternative,qq:002qRalE18HT75,So We Won't Forget,Khruangbin,Rock / Alternative,same_main,True,True
style-matrix-completion-046,,primary,矩阵补全 2,matrix,right,left,0,2,0.63655,0.32615,qq:002kFal22gjGlC,本当みたい,OGRE YOU A**HOLE,Rock / Alternative,qq:002AKMaL3RJz3j,Pulse,Re:Plus,Hip-Hop / R&B,no_overlap,True,True
style-matrix-completion-047,,primary,矩阵补全 2,matrix,left,left,1,3,0.22951,0.13434,qq:000K72Bh3DYh4W,Spartacus Love Theme,Re:Plus,Hip-Hop / R&B,qq:004CQckK0FNJ8M,Hopopono,GoGo Penguin,Jazz / Soul,no_overlap,False,True
style-matrix-completion-047,,primary,矩阵补全 2,matrix,right,left,0,2,0.512699,0.258439,qq:000K72Bh3DYh4W,Spartacus Love Theme,Re:Plus,Hip-Hop / R&B,qq:001hpPyk2HS7Y2,Diya Hai,"Arooj Aftab, Badi Assad",Folk / Singer-Songwriter,no_overlap,False,False
style-matrix-completion-048,,primary,矩阵补全 2,matrix,left,right,0,1,0.466747,0.085767,qq:002Vup6o0UxIf1,Yes! I Am a Long Way from Home,Mogwai,Post-Rock / Cinematic,qq:0031jUG02CmUjU,Saans Lo,Arooj Aftab,Folk / Singer-Songwriter,no_overlap,False,True
style-matrix-completion-048,,primary,矩阵补全 2,matrix,right,right,1,2,0.2577,0.1265,qq:002Vup6o0UxIf1,Yes! I Am a Long Way from Home,Mogwai,Post-Rock / Cinematic,qq:004QUJic2NsHKk,4 Her,iwamizu,Hip-Hop / R&B,no_overlap,False,False
style-matrix-completion-049,,primary,矩阵补全 2,matrix,left,left,1,3,0.581543,0.216,qq:001eoI9Q1mm0Jv,Beluga,Men I Trust,Electronic,qq:001smf6l4Jw7Fx,蝉,iimmune,Electronic,same_main,False,True
style-matrix-completion-049,,primary,矩阵补全 2,matrix,right,left,0,2,0.488284,0.231,qq:001eoI9Q1mm0Jv,Beluga,Men I Trust,Electronic,qq:004XqfYg1mNSla,relive,toconoma,Jazz / Soul,target_echoes,False,True
style-matrix-completion-050,,primary,矩阵补全 2,matrix,left,left,1,2,0.61536,0.282,qq:00412O2t3vvSaf,Inayaat,Arooj Aftab,Folk / Singer-Songwriter,qq:0010YYK03xexiC,Rose Bay,Ludovico Einaudi,Ambient / Neo-Classical,source_opens,False,True
style-matrix-completion-050,,primary,矩阵补全 2,matrix,right,left,0,1,0.454145,0.26,qq:00412O2t3vvSaf,Inayaat,Arooj Aftab,Folk / Singer-Songwriter,qq:0020lBfx0ge2sV,Days of Daze,tfvsjs,Post-Rock / Cinematic,no_overlap,False,False
style-matrix-completion-051,,primary,矩阵补全 2,matrix,left,tie,0.5,2,0.28383,0.1551,qq:002qRalE18HT75,So We Won't Forget,Khruangbin,Rock / Alternative,qq:0010YYK03xexiC,Rose Bay,Ludovico Einaudi,Ambient / Neo-Classical,source_opens,True,True
style-matrix-completion-051,,primary,矩阵补全 2,matrix,right,tie,0.5,2,0.17779,0.15675,qq:002qRalE18HT75,So We Won't Forget,Khruangbin,Rock / Alternative,qq:000VscI62pVJIh,Passacaglia (fugler med ord i nebbet),Spurv,Post-Rock / Cinematic,shared_secondary,True,False
style-matrix-completion-052,,primary,矩阵补全 2,matrix,left,left,1,2,0.38373,0.20401,qq:000tv9T61Ow5g4,meet me in brooklyn,Yaya Bey,Hip-Hop / R&B,qq:000dpx1K39ZkOj,reflection eternal,Nujabes,Hip-Hop / R&B,same_main,True,True
style-matrix-completion-052,,primary,矩阵补全 2,matrix,right,left,0,1,0.632634,0.317988,qq:000tv9T61Ow5g4,meet me in brooklyn,Yaya Bey,Hip-Hop / R&B,qq:002eHWc10R58Uk,Caja de la Sala,Khruangbin,Rock / Alternative,shared_secondary,True,True
style-matrix-completion-026-cross-session-03,style-matrix-completion-026,repeat,矩阵补全 2,matrix,left,left,1,3,0.616174,0.283696,qq:002S70Vi2giIup,Mohabbat,Arooj Aftab,Folk / Singer-Songwriter,qq:002CCxh22un7aE,Hawaii Oslo,Hania Rani,Ambient / Neo-Classical,no_overlap,True,False
style-matrix-completion-026-cross-session-03,style-matrix-completion-026,repeat,矩阵补全 2,matrix,right,left,0,2,0.736812,0.535024,qq:002S70Vi2giIup,Mohabbat,Arooj Aftab,Folk / Singer-Songwriter,qq:000dpx1K39ZkOj,reflection eternal,Nujabes,Hip-Hop / R&B,no_overlap,True,True
style-matrix-completion-053,,primary,矩阵补全 2,matrix,left,left,1,2,0.648,0.35,qq:002G2Chc1MB9Gm,数字天体,iimmune,Electronic,qq:00331Tlh36QIx0,May Ninth,Khruangbin,Rock / Alternative,no_overlap,True,True
style-matrix-completion-053,,primary,矩阵补全 2,matrix,right,left,0,1,0.648,0.35,qq:002G2Chc1MB9Gm,数字天体,iimmune,Electronic,qq:00412O2t3vvSaf,Inayaat,Arooj Aftab,Folk / Singer-Songwriter,no_overlap,True,False
style-matrix-completion-054,,primary,矩阵补全 2,matrix,left,right,0,1,0.444032,0.231,qq:00412O2t3vvSaf,Inayaat,Arooj Aftab,Folk / Singer-Songwriter,qq:004XqfYg1mNSla,relive,toconoma,Jazz / Soul,no_overlap,False,True
style-matrix-completion-054,,primary,矩阵补全 2,matrix,right,right,1,2,0.604694,0.216,qq:00412O2t3vvSaf,Inayaat,Arooj Aftab,Folk / Singer-Songwriter,qq:001smf6l4Jw7Fx,蝉,iimmune,Electronic,no_overlap,False,True
style-matrix-completion-055,,primary,矩阵补全 2,matrix,left,tie,0.5,2,0.53989,0.216,qq:00331Tlh36QIx0,May Ninth,Khruangbin,Rock / Alternative,qq:001smf6l4Jw7Fx,蝉,iimmune,Electronic,no_overlap,True,True
style-matrix-completion-055,,primary,矩阵补全 2,matrix,right,tie,0.5,2,0.45398,0.26017,qq:00331Tlh36QIx0,May Ninth,Khruangbin,Rock / Alternative,qq:004CQckK0FNJ8M,Hopopono,GoGo Penguin,Jazz / Soul,source_opens,True,True
style-matrix-completion-056,,primary,矩阵补全 2,matrix,left,left,1,2,0.42735,0.1188,qq:000xu9YP0QyWcn,Lucky,Choker,Hip-Hop / R&B,qq:001smf6l4Jw7Fx,蝉,iimmune,Electronic,no_overlap,True,True
style-matrix-completion-056,,primary,矩阵补全 2,matrix,right,left,0,1,0.28201,0.24255,qq:000xu9YP0QyWcn,Lucky,Choker,Hip-Hop / R&B,qq:000EgY123dwnX9,Belle Âme,Jordan Critz,Ambient / Neo-Classical,no_overlap,True,True
style-matrix-completion-057,,primary,矩阵补全 2,matrix,left,tie,0.5,1,0.62427,0.30056,qq:002G2Chc1MB9Gm,数字天体,iimmune,Electronic,qq:002d45We3GEd3t,on the pisces moon,Yaya Bey,Hip-Hop / R&B,no_overlap,True,False
style-matrix-completion-057,,primary,矩阵补全 2,matrix,right,tie,0.5,1,0.33596,0.0987,qq:002G2Chc1MB9Gm,数字天体,iimmune,Electronic,qq:0010YYK03xexiC,Rose Bay,Ludovico Einaudi,Ambient / Neo-Classical,no_overlap,True,True
style-matrix-completion-058,,primary,矩阵补全 3,matrix,left,right,0,2,0.86496,0.802,qq:000eyJQw2EJvvT,Baghon Main,"Arooj Aftab, Darian Donovan Thomas",Folk / Singer-Songwriter,qq:002qRalE18HT75,So We Won't Forget,Khruangbin,Rock / Alternative,shared_secondary,False,True
style-matrix-completion-058,,primary,矩阵补全 3,matrix,right,right,1,4,0.78934,0.644458,qq:000eyJQw2EJvvT,Baghon Main,"Arooj Aftab, Darian Donovan Thomas",Folk / Singer-Songwriter,qq:0031jUG02CmUjU,Saans Lo,Arooj Aftab,Folk / Singer-Songwriter,same_main,False,True
style-matrix-completion-059,,primary,矩阵补全 3,matrix,left,right,0,3,0.644673,0.343068,qq:00331Tlh36QIx0,May Ninth,Khruangbin,Rock / Alternative,qq:0031jUG02CmUjU,Saans Lo,Arooj Aftab,Folk / Singer-Songwriter,no_overlap,True,True
style-matrix-completion-059,,primary,矩阵补全 3,matrix,right,right,1,4,0.67479,0.40581,qq:00331Tlh36QIx0,May Ninth,Khruangbin,Rock / Alternative,qq:002qRalE18HT75,So We Won't Forget,Khruangbin,Rock / Alternative,same_main,True,True
style-matrix-completion-060,,primary,矩阵补全 3,matrix,left,left,1,2,0.10399,0.08385,qq:000tv9T61Ow5g4,meet me in brooklyn,Yaya Bey,Hip-Hop / R&B,qq:004XqfYg1mNSla,relive,toconoma,Jazz / Soul,source_opens,True,True
style-matrix-completion-060,,primary,矩阵补全 3,matrix,right,left,0,1,0.65424,0.363,qq:000tv9T61Ow5g4,meet me in brooklyn,Yaya Bey,Hip-Hop / R&B,qq:002S70Vi2giIup,Mohabbat,Arooj Aftab,Folk / Singer-Songwriter,no_overlap,True,True
style-matrix-completion-061,,primary,矩阵补全 3,matrix,left,tie,0.5,3,0.584933,0.1188,qq:003Ivfhy114Vlr,5Am Waltz,Men I Trust,Electronic,qq:001smf6l4Jw7Fx,蝉,iimmune,Electronic,same_main,True,True
style-matrix-completion-061,,primary,矩阵补全 3,matrix,right,tie,0.5,3,0.445715,0.2772,qq:003Ivfhy114Vlr,5Am Waltz,Men I Trust,Electronic,qq:001IfO1Y2pBPvg,10th sentimen,sow,Post-Rock / Cinematic,target_echoes,True,True
style-matrix-completion-062,,primary,矩阵补全 3,matrix,left,left,1,2,0.61536,0.282,qq:000eyJQw2EJvvT,Baghon Main,"Arooj Aftab, Darian Donovan Thomas",Folk / Singer-Songwriter,qq:0010YYK03xexiC,Rose Bay,Ludovico Einaudi,Ambient / Neo-Classical,source_opens,False,True
style-matrix-completion-062,,primary,矩阵补全 3,matrix,right,left,0,2,0.74976,0.562,qq:000eyJQw2EJvvT,Baghon Main,"Arooj Aftab, Darian Donovan Thomas",Folk / Singer-Songwriter,qq:000dpx1K39ZkOj,reflection eternal,Nujabes,Hip-Hop / R&B,no_overlap,False,True
style-matrix-completion-063,,primary,矩阵补全 3,matrix,left,tie,0.5,3,0.29184,0.24255,qq:002qRalE18HT75,So We Won't Forget,Khruangbin,Rock / Alternative,qq:000EgY123dwnX9,Belle Âme,Jordan Critz,Ambient / Neo-Classical,source_opens,True,True
style-matrix-completion-063,,primary,矩阵补全 3,matrix,right,tie,0.5,3,0.62837,0.3091,qq:002qRalE18HT75,So We Won't Forget,Khruangbin,Rock / Alternative,qq:000dpx1K39ZkOj,reflection eternal,Nujabes,Hip-Hop / R&B,no_overlap,True,True
style-matrix-completion-064,,primary,矩阵补全 3,matrix,left,tie,0.5,2,0.65424,0.363,qq:000tv9T61Ow5g4,meet me in brooklyn,Yaya Bey,Hip-Hop / R&B,qq:003mIUru2PtkWB,We Had to End It,Cuco,Rock / Alternative,no_overlap,True,False
style-matrix-completion-064,,primary,矩阵补全 3,matrix,right,tie,0.5,2,0.61747,0.28641,qq:000tv9T61Ow5g4,meet me in brooklyn,Yaya Bey,Hip-Hop / R&B,qq:000b5w1649YZam,悋気,iwamizu,Hip-Hop / R&B,same_main,True,True
style-matrix-completion-011-cross-session-04,style-matrix-completion-011,repeat,矩阵补全 3,matrix,left,right,0,1,0.302337,0.1589,qq:001Wt9JN03rczP,Xtralovable,Prince,Jazz / Soul,qq:000eyJQw2EJvvT,Baghon Main,"Arooj Aftab, Darian Donovan Thomas",Folk / Singer-Songwriter,no_overlap,True,False
style-matrix-completion-011-cross-session-04,style-matrix-completion-011,repeat,矩阵补全 3,matrix,right,right,1,2,0.16275,0.03432,qq:001Wt9JN03rczP,Xtralovable,Prince,Jazz / Soul,qq:001smf6l4Jw7Fx,蝉,iimmune,Electronic,no_overlap,True,True
style-matrix-completion-065,,primary,矩阵补全 3,matrix,left,left,1,3,0.42049,0.22898,qq:001smf6l4Jw7Fx,蝉,iimmune,Electronic,qq:004CQckK0FNJ8M,Hopopono,GoGo Penguin,Jazz / Soul,shared_secondary,True,True
style-matrix-completion-065,,primary,矩阵补全 3,matrix,right,left,0,2,0.658992,0.3729,qq:001smf6l4Jw7Fx,蝉,iimmune,Electronic,qq:0031jUG02CmUjU,Saans Lo,Arooj Aftab,Folk / Singer-Songwriter,no_overlap,True,True
style-matrix-completion-066,,primary,矩阵补全 3,matrix,left,left,1,2,0.627841,0.205632,qq:002S70Vi2giIup,Mohabbat,Arooj Aftab,Folk / Singer-Songwriter,qq:001smf6l4Jw7Fx,蝉,iimmune,Electronic,no_overlap,True,True
style-matrix-completion-066,,primary,矩阵补全 3,matrix,right,left,0,1,0.601595,0.200872,qq:002S70Vi2giIup,Mohabbat,Arooj Aftab,Folk / Singer-Songwriter,qq:004gdY3S3vzhdj,季风 (Monsoon),Fayzz,Post-Rock / Cinematic,no_overlap,True,False
style-matrix-completion-067,,primary,矩阵补全 3,matrix,left,tie,0.5,2,0.57651,0.216,qq:003mIUru2PtkWB,We Had to End It,Cuco,Rock / Alternative,qq:001smf6l4Jw7Fx,蝉,iimmune,Electronic,shared_secondary,False,True
style-matrix-completion-067,,primary,矩阵补全 3,matrix,right,tie,0.5,2,0.26507,0.07975,qq:003mIUru2PtkWB,We Had to End It,Cuco,Rock / Alternative,qq:002jBS8E2qmhSe,anemo,euphoria,Post-Rock / Cinematic,source_opens,False,False
style-matrix-completion-068,,primary,矩阵补全 3,matrix,left,tie,0.5,3,0.691728,0.4411,qq:003Ivfhy114Vlr,5Am Waltz,Men I Trust,Electronic,qq:002qRalE18HT75,So We Won't Forget,Khruangbin,Rock / Alternative,source_opens,True,True
style-matrix-completion-068,,primary,矩阵补全 3,matrix,right,tie,0.5,3,0.628368,0.3091,qq:003Ivfhy114Vlr,5Am Waltz,Men I Trust,Electronic,qq:000dpx1K39ZkOj,reflection eternal,Nujabes,Hip-Hop / R&B,no_overlap,True,True
style-matrix-completion-069,,primary,矩阵补全 3,matrix,left,right,0,2,0.596493,0.217,qq:00412O2t3vvSaf,Inayaat,Arooj Aftab,Folk / Singer-Songwriter,qq:000SVSO43iO5Sf,Kaleidoscope,fox capture plan,Jazz / Soul,no_overlap,False,False
style-matrix-completion-069,,primary,矩阵补全 3,matrix,right,right,1,4,0.78934,0.644458,qq:00412O2t3vvSaf,Inayaat,Arooj Aftab,Folk / Singer-Songwriter,qq:0031jUG02CmUjU,Saans Lo,Arooj Aftab,Folk / Singer-Songwriter,same_main,False,True
style-matrix-completion-070,,primary,矩阵补全 3,matrix,left,left,1,2,0.645401,0.344586,qq:00331Tlh36QIx0,May Ninth,Khruangbin,Rock / Alternative,qq:001hpPyk2HS7Y2,Diya Hai,"Arooj Aftab, Badi Assad",Folk / Singer-Songwriter,shared_secondary,True,False
style-matrix-completion-070,,primary,矩阵补全 3,matrix,right,left,0,1,0.47883,0.231,qq:00331Tlh36QIx0,May Ninth,Khruangbin,Rock / Alternative,qq:004XqfYg1mNSla,relive,toconoma,Jazz / Soul,source_opens,True,True
style-matrix-completion-071,,primary,矩阵补全 3,matrix,left,tie,0.5,3,0.23599,0.1551,qq:001smf6l4Jw7Fx,蝉,iimmune,Electronic,qq:0010YYK03xexiC,Rose Bay,Ludovico Einaudi,Ambient / Neo-Classical,no_overlap,True,True
style-matrix-completion-071,,primary,矩阵补全 3,matrix,right,tie,0.5,3,0.25713,0.07975,qq:001smf6l4Jw7Fx,蝉,iimmune,Electronic,qq:002jBS8E2qmhSe,anemo,euphoria,Post-Rock / Cinematic,bidirectional,True,False
style-matrix-completion-031-cross-session-05,style-matrix-completion-031,repeat,矩阵补全 3,matrix,left,left,1,3,0.30351,0.1239,qq:002G2Chc1MB9Gm,数字天体,iimmune,Electronic,qq:004CQckK0FNJ8M,Hopopono,GoGo Penguin,Jazz / Soul,shared_secondary,True,True
style-matrix-completion-031-cross-session-05,style-matrix-completion-031,repeat,矩阵补全 3,matrix,right,left,0,1,0.429909,0.2373,qq:002G2Chc1MB9Gm,数字天体,iimmune,Electronic,qq:0031jUG02CmUjU,Saans Lo,Arooj Aftab,Folk / Singer-Songwriter,no_overlap,True,True
style-matrix-completion-072,,primary,矩阵补全 3,matrix,left,tie,0.5,1,0.74976,0.562,qq:00412O2t3vvSaf,Inayaat,Arooj Aftab,Folk / Singer-Songwriter,qq:000dpx1K39ZkOj,reflection eternal,Nujabes,Hip-Hop / R&B,no_overlap,False,True
style-matrix-completion-072,,primary,矩阵补全 3,matrix,right,tie,0.5,1,0.86496,0.802,qq:00412O2t3vvSaf,Inayaat,Arooj Aftab,Folk / Singer-Songwriter,qq:002qRalE18HT75,So We Won't Forget,Khruangbin,Rock / Alternative,shared_secondary,False,True
style-matrix-completion-073,,primary,矩阵补全 3,matrix,left,left,1,3,0.63655,0.32615,qq:002qRalE18HT75,So We Won't Forget,Khruangbin,Rock / Alternative,qq:002AKMaL3RJz3j,Pulse,Re:Plus,Hip-Hop / R&B,shared_secondary,True,True
style-matrix-completion-073,,primary,矩阵补全 3,matrix,right,left,0,2,0.711264,0.4818,qq:002qRalE18HT75,So We Won't Forget,Khruangbin,Rock / Alternative,qq:002eHWc10R58Uk,Caja de la Sala,Khruangbin,Rock / Alternative,same_main,True,True
style-matrix-completion-074,,primary,矩阵补全 3,matrix,left,right,0,3,0.440349,0.22825,qq:003Ivfhy114Vlr,5Am Waltz,Men I Trust,Electronic,qq:001Yr0lf42iGF6,Yellow Surf,toconoma,Jazz / Soul,source_opens,True,False
style-matrix-completion-074,,primary,矩阵补全 3,matrix,right,right,1,4,0.744,0.55,qq:003Ivfhy114Vlr,5Am Waltz,Men I Trust,Electronic,qq:001eoI9Q1mm0Jv,Beluga,Men I Trust,Electronic,same_main,True,False
style-matrix-completion-075,,primary,矩阵补全 3,matrix,left,left,1,3,0.617469,0.284648,qq:002S70Vi2giIup,Mohabbat,Arooj Aftab,Folk / Singer-Songwriter,qq:00400umx31UH5p,人间风景,Fayzz,Ambient / Neo-Classical,no_overlap,True,False
style-matrix-completion-075,,primary,矩阵补全 3,matrix,right,left,0,2,0.606801,0.248472,qq:002S70Vi2giIup,Mohabbat,Arooj Aftab,Folk / Singer-Songwriter,qq:000gnR5f0L9CqV,SUNSET,"LITE, Yvette Young",Post-Rock / Cinematic,no_overlap,True,True
style-matrix-completion-076,,primary,矩阵补全 3,matrix,left,right,0,1,0.28662,0.27445,qq:002kFal22gjGlC,本当みたい,OGRE YOU A**HOLE,Rock / Alternative,qq:003RxRsH4Zmgfz,85mm,Ludovico Einaudi,Ambient / Neo-Classical,no_overlap,True,True
style-matrix-completion-076,,primary,矩阵补全 3,matrix,right,right,1,3,0.21363,0.19195,qq:002kFal22gjGlC,本当みたい,OGRE YOU A**HOLE,Rock / Alternative,qq:000eNIUG49IH5U,Dry Fantasy,Mogwai,Post-Rock / Cinematic,target_echoes,True,True
style-matrix-completion-077,,primary,矩阵补全 3,matrix,left,left,1,2,0.69173,0.4411,qq:001smf6l4Jw7Fx,蝉,iimmune,Electronic,qq:002qRalE18HT75,So We Won't Forget,Khruangbin,Rock / Alternative,no_overlap,True,True
style-matrix-completion-077,,primary,矩阵补全 3,matrix,right,left,0,1,0.659784,0.37455,qq:001smf6l4Jw7Fx,蝉,iimmune,Electronic,qq:001hpPyk2HS7Y2,Diya Hai,"Arooj Aftab, Badi Assad",Folk / Singer-Songwriter,no_overlap,True,False
style-matrix-completion-078,,primary,矩阵补全 3,matrix,left,left,1,2,0.682983,0.216,qq:0031jUG02CmUjU,Saans Lo,Arooj Aftab,Folk / Singer-Songwriter,qq:001smf6l4Jw7Fx,蝉,iimmune,Electronic,no_overlap,True,True
style-matrix-completion-078,,primary,矩阵补全 3,matrix,right,left,0,1,0.639247,0.299,qq:0031jUG02CmUjU,Saans Lo,Arooj Aftab,Folk / Singer-Songwriter,qq:001y4w0t38xHV3,Plug In Baby,fox capture plan,Jazz / Soul,no_overlap,True,False
style-matrix-completion-079,,primary,矩阵补全 3,matrix,left,tie,0.5,2,0.626365,0.216,qq:002eHWc10R58Uk,Caja de la Sala,Khruangbin,Rock / Alternative,qq:001smf6l4Jw7Fx,蝉,iimmune,Electronic,no_overlap,True,True
style-matrix-completion-079,,primary,矩阵补全 3,matrix,right,tie,0.5,2,0.62352,0.299,qq:002eHWc10R58Uk,Caja de la Sala,Khruangbin,Rock / Alternative,qq:001y4w0t38xHV3,Plug In Baby,fox capture plan,Jazz / Soul,source_opens,True,False
style-matrix-completion-049-cross-session-06,style-matrix-completion-049,repeat,矩阵补全 3,matrix,left,right,0,2,0.488284,0.231,qq:001eoI9Q1mm0Jv,Beluga,Men I Trust,Electronic,qq:004XqfYg1mNSla,relive,toconoma,Jazz / Soul,target_echoes,False,True
style-matrix-completion-049-cross-session-06,style-matrix-completion-049,repeat,矩阵补全 3,matrix,right,right,1,3,0.581543,0.216,qq:001eoI9Q1mm0Jv,Beluga,Men I Trust,Electronic,qq:001smf6l4Jw7Fx,蝉,iimmune,Electronic,same_main,False,True
style-matrix-completion-080,,primary,矩阵补全 3,matrix,left,tie,0.5,3,0.636552,0.32615,qq:003Ivfhy114Vlr,5Am Waltz,Men I Trust,Electronic,qq:002AKMaL3RJz3j,Pulse,Re:Plus,Hip-Hop / R&B,no_overlap,True,True
style-matrix-completion-080,,primary,矩阵补全 3,matrix,right,tie,0.5,3,0.432521,0.23595,qq:003Ivfhy114Vlr,5Am Waltz,Men I Trust,Electronic,qq:003m8N1q42ILKQ,Costa da Caparica,RIOPY,Ambient / Neo-Classical,no_overlap,True,False
style-matrix-completion-081,,primary,矩阵补全 3,matrix,left,left,1,4,0.80688,0.681,qq:0031jUG02CmUjU,Saans Lo,Arooj Aftab,Folk / Singer-Songwriter,qq:001hpPyk2HS7Y2,Diya Hai,"Arooj Aftab, Badi Assad",Folk / Singer-Songwriter,same_main,True,False
style-matrix-completion-081,,primary,矩阵补全 3,matrix,right,left,0,3,0.86496,0.802,qq:0031jUG02CmUjU,Saans Lo,Arooj Aftab,Folk / Singer-Songwriter,qq:002qRalE18HT75,So We Won't Forget,Khruangbin,Rock / Alternative,no_overlap,True,True
style-matrix-completion-082,,primary,矩阵补全 3,matrix,left,left,1,3,0.69173,0.4411,qq:003mIUru2PtkWB,We Had to End It,Cuco,Rock / Alternative,qq:002qRalE18HT75,So We Won't Forget,Khruangbin,Rock / Alternative,same_main,False,True
style-matrix-completion-082,,primary,矩阵补全 3,matrix,right,left,0,2,0.658992,0.3729,qq:003mIUru2PtkWB,We Had to End It,Cuco,Rock / Alternative,qq:0031jUG02CmUjU,Saans Lo,Arooj Aftab,Folk / Singer-Songwriter,no_overlap,False,True
style-matrix-completion-083,,primary,矩阵补全 3,matrix,left,tie,0.5,3,0.74976,0.562,qq:0031jUG02CmUjU,Saans Lo,Arooj Aftab,Folk / Singer-Songwriter,qq:000dpx1K39ZkOj,reflection eternal,Nujabes,Hip-Hop / R&B,no_overlap,True,True
style-matrix-completion-083,,primary,矩阵补全 3,matrix,right,tie,0.5,3,0.62304,0.298,qq:0031jUG02CmUjU,Saans Lo,Arooj Aftab,Folk / Singer-Songwriter,qq:002CCxh22un7aE,Hawaii Oslo,Hania Rani,Ambient / Neo-Classical,no_overlap,True,False
style-matrix-completion-084,,primary,矩阵补全 3,matrix,left,right,0,2,0.646265,0.346385,qq:002eHWc10R58Uk,Caja de la Sala,Khruangbin,Rock / Alternative,qq:002ZRUn93X6hde,仁恕,iwamizu,Hip-Hop / R&B,no_overlap,True,False
style-matrix-completion-084,,primary,矩阵补全 3,matrix,right,right,1,3,0.31227,0.0987,qq:002eHWc10R58Uk,Caja de la Sala,Khruangbin,Rock / Alternative,qq:0010YYK03xexiC,Rose Bay,Ludovico Einaudi,Ambient / Neo-Classical,no_overlap,True,True
representative-bridge-direction-001,,primary,桥接方向,direction,left,right,0,2,0.88896,0.852,qq:003rqPD04BV0pS,crybaby,Kiefer,Jazz / Soul,qq:003jSlE31PQbqZ,住在十六层的少年,16层乐队,Post-Rock / Cinematic,no_overlap,False,False
representative-bridge-direction-001,,primary,桥接方向,direction,right,right,1,3,0.882,0.8375,qq:003rqPD04BV0pS,crybaby,Kiefer,Jazz / Soul,qq:002seChr18gdsK,Remarkable Diving Feat,Sea Power,Post-Rock / Cinematic,target_echoes,False,False
representative-bridge-direction-002,,primary,桥接方向,direction,left,right,0,2,0.89136,0.857,qq:002nspul0afXe2,Butterfly,Cleo Sol,Jazz / Soul,qq:002rKFyw2sDUvo,Black Hole Era,Men I Trust,Electronic,target_echoes,False,False
representative-bridge-direction-002,,primary,桥接方向,direction,right,right,1,2,0.89136,0.857,qq:002nspul0afXe2,Butterfly,Cleo Sol,Jazz / Soul,qq:002GQ1850FM6L9,Plantago Fengdouensis,Shii,Electronic,no_overlap,False,False
representative-bridge-direction-003,,primary,桥接方向,direction,left,left,1,2,0.96,1.0,qq:004emx212UOp6C,Free Shoes,Busty and the Bass,Rock / Alternative,qq:0000AfxH4IPzsZ,Baby Boy,Choker,Hip-Hop / R&B,bidirectional,False,False
representative-bridge-direction-003,,primary,桥接方向,direction,right,left,0,2,0.96,1.0,qq:004emx212UOp6C,Free Shoes,Busty and the Bass,Rock / Alternative,qq:004bgcGz2XKuuq,Before Dawn,Men I Trust,Electronic,target_echoes,False,False
representative-bridge-direction-004,,primary,桥接方向,direction,left,right,0,2,0.72768,0.516,qq:000H6MPp1yL4tP,回転・天使,betcover!!,Rock / Alternative,qq:003IiDsd32QrAY,Between The Trees,Akira Kosemura,Ambient / Neo-Classical,source_opens,False,False
representative-bridge-direction-004,,primary,桥接方向,direction,right,right,1,3,0.70896,0.477,qq:000H6MPp1yL4tP,回転・天使,betcover!!,Rock / Alternative,qq:004EV2iy0KtfE4,Escargot Blues,Guantanamo Bay Surf Club,Folk / Singer-Songwriter,target_echoes,False,True
representative-bridge-direction-005,,primary,桥接方向,direction,left,left,1,3,0.729411,0.519605,qq:000k0wjJ18IyA5,April,Akira Kosemura,Ambient / Neo-Classical,qq:001ZSv5K4dsL2D,Hard Drive,Cassandra Jenkins,Folk / Singer-Songwriter,target_echoes,False,False
representative-bridge-direction-005,,primary,桥接方向,direction,right,left,0,1,0.753682,0.57017,qq:000k0wjJ18IyA5,April,Akira Kosemura,Ambient / Neo-Classical,qq:003BDBLq2LtEgh,男の子女の子,Les 5-4-3-2-1,Folk / Singer-Songwriter,no_overlap,False,False
representative-bridge-direction-006,,primary,桥接方向,direction,left,left,1,4,0.96,1.0,qq:001Yccb32sPw6J,"a,s,a",fox capture plan,Jazz / Soul,qq:001ibzed4YD80W,惊蛰,天声乐队,Post-Rock / Cinematic,source_opens,False,False
representative-bridge-direction-006,,primary,桥接方向,direction,right,left,0,3,0.96,1.0,qq:001Yccb32sPw6J,"a,s,a",fox capture plan,Jazz / Soul,qq:002Li4nO2z4nAd,Do You Like Me?,Daniel Caesar,Hip-Hop / R&B,target_echoes,False,False
representative-bridge-direction-007,,primary,桥接方向,direction,left,right,0,2,0.83856,0.747,qq:00298Rmi4YuPm3,Things Change,Busty and the Bass,Jazz / Soul,qq:002CcEQY1xqVyA,Say U Won't,Brasstracks,Hip-Hop / R&B,source_opens,False,False
representative-bridge-direction-007,,primary,桥接方向,direction,right,right,1,3,0.83856,0.747,qq:00298Rmi4YuPm3,Things Change,Busty and the Bass,Jazz / Soul,qq:002Li4nO2z4nAd,Do You Like Me?,Daniel Caesar,Hip-Hop / R&B,bidirectional,False,False
representative-bridge-direction-008,,primary,桥接方向,direction,left,right,0,2,0.744,0.55,qq:003xz29R1B1rjl,Her Light,Cleo Sol,Jazz / Soul,qq:001qbVUi0c3ofI,The 400 Blues 唐詩四百首,Pu Poo Platter,Post-Rock / Cinematic,target_echoes,False,True
representative-bridge-direction-008,,primary,桥接方向,direction,right,right,1,2,0.744,0.55,qq:003xz29R1B1rjl,Her Light,Cleo Sol,Jazz / Soul,qq:002zuwNj3JoRQk,Always,Daniel Caesar,Hip-Hop / R&B,bidirectional,False,False
representative-bridge-direction-009,,primary,桥接方向,direction,left,tie,0.5,3,0.83808,0.746,qq:000afH2Z0gIzbI,Cold Cold Cold,Cage The Elephant,Rock / Alternative,qq:001ND8AM3qk04M,Lost In The Light,Bahamas,Folk / Singer-Songwriter,target_echoes,False,False
representative-bridge-direction-009,,primary,桥接方向,direction,right,tie,0.5,3,0.83808,0.746,qq:000afH2Z0gIzbI,Cold Cold Cold,Cage The Elephant,Rock / Alternative,qq:003zVwHk2xsG8w,The Idiot,Seth Staton Watkins,Folk / Singer-Songwriter,no_overlap,False,False
representative-bridge-direction-010,,primary,桥接方向,direction,left,tie,0.5,2,0.67872,0.414,qq:001Yp2jV0q9f5B,Love Of The Loveless,Eels,Rock / Alternative,qq:0048buGv2Ed4db,Meet Me Halfway,Black Eyed Peas,Hip-Hop / R&B,no_overlap,False,False
representative-bridge-direction-010,,primary,桥接方向,direction,right,tie,0.5,2,0.69552,0.449,qq:001Yp2jV0q9f5B,Love Of The Loveless,Eels,Rock / Alternative,qq:004KMRH61Ljgwt,オトノケ - Otonoke,Creepy Nuts,Hip-Hop / R&B,target_echoes,False,False
representative-bridge-direction-011,,primary,桥接方向,direction,left,right,0,2,0.792841,0.651753,qq:002XScDN31yXcm,I Know You Are but What Am I?,Mogwai,Post-Rock / Cinematic,qq:0015AcHz3i1JOR,Silhouette,Ax and the Hatchetmen,Rock / Alternative,no_overlap,False,False
representative-bridge-direction-011,,primary,桥接方向,direction,right,right,1,2,0.764964,0.593676,qq:002XScDN31yXcm,I Know You Are but What Am I?,Mogwai,Post-Rock / Cinematic,qq:002QRYfa0g0ycu,BABY BLUE,Fishmans,Rock / Alternative,target_echoes,False,False
representative-bridge-direction-012,,primary,桥接方向,direction,left,left,1,3,0.610811,0.259524,qq:001r0we12IjRXg,Quarters,Bibio,Hip-Hop / R&B,qq:0015jyw41OJ2BE,Ditto,DooPiano,Ambient / Neo-Classical,bidirectional,False,False
representative-bridge-direction-012,,primary,桥接方向,direction,right,left,0,2,0.619968,0.2916,qq:001r0we12IjRXg,Quarters,Bibio,Hip-Hop / R&B,qq:001oflCY04HG3p,Up Top,Busty and the Bass,Jazz / Soul,target_echoes,False,False
representative-bridge-direction-013,,primary,桥接方向,direction,left,left,1,4,0.7392,0.54,qq:001ryrRg3yQxem,All,Flica,Ambient / Neo-Classical,qq:003t03791sFq4k,CREEK,Hiroshi Yoshimura,Electronic,bidirectional,True,False
representative-bridge-direction-013,,primary,桥接方向,direction,right,left,0,3,0.73248,0.526,qq:001ryrRg3yQxem,All,Flica,Ambient / Neo-Classical,qq:003A7wgv3CShSY,Burst,Kiasmos,Electronic,source_opens,True,False
representative-bridge-direction-014,,primary,桥接方向,direction,left,left,1,3,0.96,1.0,qq:0034WjC0255vSL,But,Chon,Post-Rock / Cinematic,qq:000zFOEV3jMZht,In Your Room,Airiel,Rock / Alternative,target_echoes,True,False
representative-bridge-direction-014,,primary,桥接方向,direction,right,left,0,2,0.96,1.0,qq:0034WjC0255vSL,But,Chon,Post-Rock / Cinematic,qq:003rqPD04BV0pS,crybaby,Kiefer,Jazz / Soul,source_opens,True,False
representative-bridge-direction-015,,primary,桥接方向,direction,left,right,0,1,0.96,1.0,qq:000Din7j32GT2W,FEEL,Hiroshi Yoshimura,Electronic,qq:002kLt2c0pfNqf,Girls from Nyc,Harrison Hudson,Rock / Alternative,target_echoes,False,False
representative-bridge-direction-015,,primary,桥接方向,direction,right,right,1,2,0.96,1.0,qq:000Din7j32GT2W,FEEL,Hiroshi Yoshimura,Electronic,qq:0019JgoE1ogyxP,Under A Lone Ash,Bibio,Ambient / Neo-Classical,source_opens,False,True
representative-bridge-direction-016,,primary,桥接方向,direction,left,left,1,2,0.526683,0.18935,qq:004ffZnA2EOnUC,MOON NIGHT,I Don't Like Mondays.,Rock / Alternative,qq:000Fw7cX09LLr6,Clementine,Sarah Jaffe,Folk / Singer-Songwriter,target_echoes,False,False
representative-bridge-direction-016,,primary,桥接方向,direction,right,left,0,1,0.51404,0.137468,qq:004ffZnA2EOnUC,MOON NIGHT,I Don't Like Mondays.,Rock / Alternative,qq:0045Rlyq2LM2yR,L'exil,Laurie Darmon,Folk / Singer-Songwriter,no_overlap,False,True
representative-bridge-direction-017,,primary,桥接方向,direction,left,tie,0.5,3,0.301352,0.03395,qq:002mhMhW3CI4X4,Juno,Choker,Hip-Hop / R&B,qq:002NT6Y52IjvTe,Rewrite,milet,Folk / Singer-Songwriter,target_echoes,True,True
representative-bridge-direction-017,,primary,桥接方向,direction,right,tie,0.5,3,0.272471,0.017858,qq:002mhMhW3CI4X4,Juno,Choker,Hip-Hop / R&B,qq:003A7wgv3CShSY,Burst,Kiasmos,Electronic,source_opens,True,False
representative-bridge-direction-018,,primary,桥接方向,direction,left,tie,0.5,1,0.64632,0.3465,qq:0020exsa1lzTSy,Hell N Back,Bakar,Hip-Hop / R&B,qq:000YmZ4X3cIaIQ,Brian,Alfa Mist,Jazz / Soul,source_opens,False,False
representative-bridge-direction-018,,primary,桥接方向,direction,right,tie,0.5,1,0.64632,0.3465,qq:0020exsa1lzTSy,Hell N Back,Bakar,Hip-Hop / R&B,qq:002vRxmB2XHA8X,New Day,"Devon Rea, goson",Ambient / Neo-Classical,target_echoes,False,False
representative-bridge-direction-019,,primary,桥接方向,direction,left,left,1,3,0.96,1.0,qq:001oflCY04HG3p,Up Top,Busty and the Bass,Jazz / Soul,qq:000ZzVmT0pztQn,In My Feelings,Brasstracks,Hip-Hop / R&B,source_opens,False,False
representative-bridge-direction-019,,primary,桥接方向,direction,right,left,0,2,0.96,1.0,qq:001oflCY04HG3p,Up Top,Busty and the Bass,Jazz / Soul,qq:002rKFyw2sDUvo,Black Hole Era,Men I Trust,Electronic,target_echoes,False,False
representative-bridge-direction-020,,primary,桥接方向,direction,left,left,1,3,0.65664,0.368,qq:002xV9Fi2BDhIi,Us - A COLORS SHOW,FKJ,Jazz / Soul,qq:001DB1dG0NfAJt,Juegos y Nubes,Khruangbin,Rock / Alternative,target_echoes,False,False
representative-bridge-direction-020,,primary,桥接方向,direction,right,left,0,2,0.65664,0.368,qq:002xV9Fi2BDhIi,Us - A COLORS SHOW,FKJ,Jazz / Soul,qq:003kokjK2mtbbP,Track in Time,Dennis Kuo,Ambient / Neo-Classical,source_opens,False,False
representative-bridge-direction-021,representative-bridge-direction-007,repeat,桥接方向,direction,left,tie,0.5,3,0.83856,0.747,qq:00298Rmi4YuPm3,Things Change,Busty and the Bass,Jazz / Soul,qq:002Li4nO2z4nAd,Do You Like Me?,Daniel Caesar,Hip-Hop / R&B,bidirectional,False,False
representative-bridge-direction-021,representative-bridge-direction-007,repeat,桥接方向,direction,right,tie,0.5,3,0.83856,0.747,qq:00298Rmi4YuPm3,Things Change,Busty and the Bass,Jazz / Soul,qq:002CcEQY1xqVyA,Say U Won't,Brasstracks,Hip-Hop / R&B,source_opens,False,False
representative-bridge-direction-022,representative-bridge-direction-006,repeat,桥接方向,direction,left,tie,0.5,3,0.96,1.0,qq:001Yccb32sPw6J,"a,s,a",fox capture plan,Jazz / Soul,qq:002Li4nO2z4nAd,Do You Like Me?,Daniel Caesar,Hip-Hop / R&B,target_echoes,False,False
representative-bridge-direction-022,representative-bridge-direction-006,repeat,桥接方向,direction,right,tie,0.5,4,0.96,1.0,qq:001Yccb32sPw6J,"a,s,a",fox capture plan,Jazz / Soul,qq:001ibzed4YD80W,惊蛰,天声乐队,Post-Rock / Cinematic,source_opens,False,False
representative-bridge-direction-023,representative-bridge-direction-005,repeat,桥接方向,direction,left,right,0,1,0.753682,0.57017,qq:000k0wjJ18IyA5,April,Akira Kosemura,Ambient / Neo-Classical,qq:003BDBLq2LtEgh,男の子女の子,Les 5-4-3-2-1,Folk / Singer-Songwriter,no_overlap,False,False
representative-bridge-direction-023,representative-bridge-direction-005,repeat,桥接方向,direction,right,right,1,4,0.729411,0.519605,qq:000k0wjJ18IyA5,April,Akira Kosemura,Ambient / Neo-Classical,qq:001ZSv5K4dsL2D,Hard Drive,Cassandra Jenkins,Folk / Singer-Songwriter,target_echoes,False,False
representative-bridge-direction-024,representative-bridge-direction-003,repeat,桥接方向,direction,left,right,0,1,0.96,1.0,qq:004emx212UOp6C,Free Shoes,Busty and the Bass,Rock / Alternative,qq:004bgcGz2XKuuq,Before Dawn,Men I Trust,Electronic,target_echoes,False,False
representative-bridge-direction-024,representative-bridge-direction-003,repeat,桥接方向,direction,right,right,1,3,0.96,1.0,qq:004emx212UOp6C,Free Shoes,Busty and the Bass,Rock / Alternative,qq:0000AfxH4IPzsZ,Baby Boy,Choker,Hip-Hop / R&B,bidirectional,False,False
representative-cost-risk-calibration-001,,primary,声学校准,acoustic,left,tie,0.5,3,0.430522,0.276259,qq:0000AfxH4IPzsZ,Baby Boy,Choker,Hip-Hop / R&B,qq:004EV2iy0KtfE4,Escargot Blues,Guantanamo Bay Surf Club,Folk / Singer-Songwriter,shared_secondary,False,True
representative-cost-risk-calibration-001,,primary,声学校准,acoustic,right,tie,0.5,3,0.62868,0.30975,qq:0000AfxH4IPzsZ,Baby Boy,Choker,Hip-Hop / R&B,qq:000Fw7cX09LLr6,Clementine,Sarah Jaffe,Folk / Singer-Songwriter,shared_secondary,False,False
representative-cost-risk-calibration-002,,primary,声学校准,acoustic,left,right,0,2,0.472589,0.2178,qq:003zVwHk2xsG8w,The Idiot,Seth Staton Watkins,Folk / Singer-Songwriter,qq:003j6EiF1Qnh13,Reflektor,Arcade Fire,Rock / Alternative,no_overlap,False,False
representative-cost-risk-calibration-002,,primary,声学校准,acoustic,right,right,1,3,0.616488,0.28435,qq:003zVwHk2xsG8w,The Idiot,Seth Staton Watkins,Folk / Singer-Songwriter,qq:000afH2Z0gIzbI,Cold Cold Cold,Cage The Elephant,Rock / Alternative,no_overlap,False,False
representative-cost-risk-calibration-003,,primary,声学校准,acoustic,left,tie,0.5,2,0.5142,0.11,qq:002vRxmB2XHA8X,New Day,"Devon Rea, goson",Ambient / Neo-Classical,qq:002X0G2u48tm96,In the Aeroplane over the Sea,Neutral Milk Hotel,Folk / Singer-Songwriter,no_overlap,False,False
representative-cost-risk-calibration-003,,primary,声学校准,acoustic,right,tie,0.5,2,0.266016,0.1456,qq:002vRxmB2XHA8X,New Day,"Devon Rea, goson",Ambient / Neo-Classical,qq:003zVwHk2xsG8w,The Idiot,Seth Staton Watkins,Folk / Singer-Songwriter,no_overlap,False,False
representative-cost-risk-calibration-004,,primary,声学校准,acoustic,left,tie,0.5,2,0.409231,0.1379,qq:001DB1dG0NfAJt,Juegos y Nubes,Khruangbin,Rock / Alternative,qq:000pTXyb4Z0RrG,Bellows,loscil,Electronic,no_overlap,False,False
representative-cost-risk-calibration-004,,primary,声学校准,acoustic,right,tie,0.5,2,0.258896,0.1071,qq:001DB1dG0NfAJt,Juegos y Nubes,Khruangbin,Rock / Alternative,qq:000Din7j32GT2W,FEEL,Hiroshi Yoshimura,Electronic,no_overlap,False,False
representative-cost-risk-calibration-005,,primary,声学校准,acoustic,left,right,0,2,0.403839,0.026882,qq:002mhMhW3CI4X4,Juno,Choker,Hip-Hop / R&B,qq:004KMRH61Ljgwt,オトノケ - Otonoke,Creepy Nuts,Hip-Hop / R&B,same_main,True,False
representative-cost-risk-calibration-005,,primary,声学校准,acoustic,right,right,1,3,0.238883,0.03395,qq:002mhMhW3CI4X4,Juno,Choker,Hip-Hop / R&B,qq:000ZzVmT0pztQn,In My Feelings,Brasstracks,Hip-Hop / R&B,same_main,True,False
representative-cost-risk-calibration-006,,primary,声学校准,acoustic,left,right,0,3,0.152797,0.01925,qq:000YmZ4X3cIaIQ,Brian,Alfa Mist,Jazz / Soul,qq:002seChr18gdsK,Remarkable Diving Feat,Sea Power,Post-Rock / Cinematic,target_echoes,False,False
representative-cost-risk-calibration-006,,primary,声学校准,acoustic,right,right,1,4,0.378132,0.01925,qq:000YmZ4X3cIaIQ,Brian,Alfa Mist,Jazz / Soul,qq:0046lNIa2q0FRB,東京ワルツ,Hotel New Tokyo,Post-Rock / Cinematic,target_echoes,False,False
representative-cost-risk-calibration-007,,primary,声学校准,acoustic,left,tie,0.5,1,0.632831,0.184728,qq:002X0G2u48tm96,In the Aeroplane over the Sea,Neutral Milk Hotel,Folk / Singer-Songwriter,qq:003IiDsd32QrAY,Between The Trees,Akira Kosemura,Ambient / Neo-Classical,no_overlap,False,False
representative-cost-risk-calibration-007,,primary,声学校准,acoustic,right,tie,0.5,1,0.626646,0.305513,qq:002X0G2u48tm96,In the Aeroplane over the Sea,Neutral Milk Hotel,Folk / Singer-Songwriter,qq:003WZxOr0nISl8,Apalachee,Goldmund,Ambient / Neo-Classical,no_overlap,False,False
representative-cost-risk-calibration-008,,primary,声学校准,acoustic,left,tie,0.5,2,0.72816,0.517,qq:002Dtbtf3ZIb3Y,半空日落色,Uhsgnǒd,Post-Rock / Cinematic,qq:000afH2Z0gIzbI,Cold Cold Cold,Cage The Elephant,Rock / Alternative,no_overlap,False,False
representative-cost-risk-calibration-008,,primary,声学校准,acoustic,right,tie,0.5,2,0.67008,0.396,qq:002Dtbtf3ZIb3Y,半空日落色,Uhsgnǒd,Post-Rock / Cinematic,qq:003j6EiF1Qnh13,Reflektor,Arcade Fire,Rock / Alternative,no_overlap,False,False
representative-cost-risk-calibration-009,,primary,声学校准,acoustic,left,right,0,2,0.287105,0.01925,qq:000YmZ4X3cIaIQ,Brian,Alfa Mist,Jazz / Soul,qq:002nspul0afXe2,Butterfly,Cleo Sol,Jazz / Soul,same_main,False,False
representative-cost-risk-calibration-009,,primary,声学校准,acoustic,right,right,1,3,0.480338,0.006853,qq:000YmZ4X3cIaIQ,Brian,Alfa Mist,Jazz / Soul,qq:0040lw8g3YZ893,Discovery the New World,fox capture plan,Jazz / Soul,same_main,False,True
representative-cost-risk-calibration-010,,primary,声学校准,acoustic,left,right,0,2,0.329891,0.242097,qq:004ffZnA2EOnUC,MOON NIGHT,I Don't Like Mondays.,Rock / Alternative,qq:004Wvz723OsKcX,Attune,Alfa Mist,Jazz / Soul,no_overlap,False,False
representative-cost-risk-calibration-010,,primary,声学校准,acoustic,right,right,1,3,0.63231,0.317312,qq:004ffZnA2EOnUC,MOON NIGHT,I Don't Like Mondays.,Rock / Alternative,qq:003xz29R1B1rjl,Her Light,Cleo Sol,Jazz / Soul,no_overlap,False,False
representative-cost-risk-calibration-011,,primary,声学校准,acoustic,left,left,1,4,0.597709,0.131008,qq:002xV9Fi2BDhIi,Us - A COLORS SHOW,FKJ,Jazz / Soul,qq:0015jyw41OJ2BE,Ditto,DooPiano,Ambient / Neo-Classical,source_opens,False,False
representative-cost-risk-calibration-011,,primary,声学校准,acoustic,right,left,0,3,0.312542,0.089683,qq:002xV9Fi2BDhIi,Us - A COLORS SHOW,FKJ,Jazz / Soul,qq:001ryrRg3yQxem,All,Flica,Ambient / Neo-Classical,source_opens,False,True
representative-cost-risk-calibration-012,,primary,声学校准,acoustic,left,tie,0.5,2,0.654768,0.3641,qq:002Se7OC34yFhZ,What's New,Ax and the Hatchetmen,Rock / Alternative,qq:000AwgE24Vgorp,To the East Coast,Kaishandao,Electronic,no_overlap,True,False
representative-cost-risk-calibration-012,,primary,声学校准,acoustic,right,tie,0.5,2,0.6097,0.2167,qq:002Se7OC34yFhZ,What's New,Ax and the Hatchetmen,Rock / Alternative,qq:000pTXyb4Z0RrG,Bellows,loscil,Electronic,no_overlap,True,False
representative-cost-risk-calibration-013,,primary,声学校准,acoustic,left,tie,0.5,2,0.255208,0.253688,qq:0048buGv2Ed4db,Meet Me Halfway,Black Eyed Peas,Hip-Hop / R&B,qq:002XScDN31yXcm,I Know You Are but What Am I?,Mogwai,Post-Rock / Cinematic,no_overlap,False,False
representative-cost-risk-calibration-013,,primary,声学校准,acoustic,right,tie,0.5,2,0.618331,0.288189,qq:0048buGv2Ed4db,Meet Me Halfway,Black Eyed Peas,Hip-Hop / R&B,qq:003jSlE31PQbqZ,住在十六层的少年,16层乐队,Post-Rock / Cinematic,no_overlap,False,False
representative-cost-risk-calibration-014,,primary,声学校准,acoustic,left,left,1,4,0.431943,0.064746,qq:003XfAN33n2GQj,Sailed,Kiasmos,Electronic,qq:000TwCQn1LrW4g,3+1,Hotel New Tokyo,Post-Rock / Cinematic,no_overlap,False,False
representative-cost-risk-calibration-014,,primary,声学校准,acoustic,right,left,0,3,0.499003,0.198,qq:003XfAN33n2GQj,Sailed,Kiasmos,Electronic,qq:000HV69V2OKcLG,Book,Chon,Post-Rock / Cinematic,no_overlap,False,False
representative-cost-risk-calibration-015,,primary,声学校准,acoustic,left,right,0,2,0.489133,0.2167,qq:002GQ1850FM6L9,Plantago Fengdouensis,Shii,Electronic,qq:000pTXyb4Z0RrG,Bellows,loscil,Electronic,same_main,False,False
representative-cost-risk-calibration-015,,primary,声学校准,acoustic,right,right,1,3,0.61318,0.1683,qq:002GQ1850FM6L9,Plantago Fengdouensis,Shii,Electronic,qq:000Din7j32GT2W,FEEL,Hiroshi Yoshimura,Electronic,same_main,False,False
representative-cost-risk-calibration-016,,primary,声学校准,acoustic,left,left,1,3,0.441283,0.133574,qq:002kLt2c0pfNqf,Girls from Nyc,Harrison Hudson,Rock / Alternative,qq:0034WjC0255vSL,But,Chon,Post-Rock / Cinematic,no_overlap,False,True
representative-cost-risk-calibration-016,,primary,声学校准,acoustic,right,left,0,1,0.594291,0.129955,qq:002kLt2c0pfNqf,Girls from Nyc,Harrison Hudson,Rock / Alternative,qq:002Dtbtf3ZIb3Y,半空日落色,Uhsgnǒd,Post-Rock / Cinematic,no_overlap,False,False
representative-cost-risk-calibration-017,,primary,声学校准,acoustic,left,left,1,3,0.614904,0.28105,qq:001lhAQI4f6cNP,earthly things,Kiefer,Electronic,qq:003fysuC4UQG1t,Halves and Quarters,Guantanamo Bay Surf Club,Folk / Singer-Songwriter,no_overlap,False,False
representative-cost-risk-calibration-017,,primary,声学校准,acoustic,right,left,0,2,0.352432,0.239736,qq:001lhAQI4f6cNP,earthly things,Kiefer,Electronic,qq:001ZSv5K4dsL2D,Hard Drive,Cassandra Jenkins,Folk / Singer-Songwriter,no_overlap,False,False
representative-cost-risk-calibration-018,,primary,声学校准,acoustic,left,left,1,4,0.535434,0.273,qq:001ND8AM3qk04M,Lost In The Light,Bahamas,Folk / Singer-Songwriter,qq:002X0G2u48tm96,In the Aeroplane over the Sea,Neutral Milk Hotel,Folk / Singer-Songwriter,same_main,False,False
representative-cost-risk-calibration-018,,primary,声学校准,acoustic,right,left,0,3,0.383016,0.2541,qq:001ND8AM3qk04M,Lost In The Light,Bahamas,Folk / Singer-Songwriter,qq:0045Rlyq2LM2yR,L'exil,Laurie Darmon,Folk / Singer-Songwriter,same_main,False,True
representative-cost-risk-calibration-019,,primary,声学校准,acoustic,left,right,0,2,0.577993,0.21725,qq:002CcEQY1xqVyA,Say U Won't,Brasstracks,Hip-Hop / R&B,qq:002Dtbtf3ZIb3Y,半空日落色,Uhsgnǒd,Post-Rock / Cinematic,no_overlap,False,False
representative-cost-risk-calibration-019,,primary,声学校准,acoustic,right,right,1,3,0.435182,0.2233,qq:002CcEQY1xqVyA,Say U Won't,Brasstracks,Hip-Hop / R&B,qq:0034WjC0255vSL,But,Chon,Post-Rock / Cinematic,no_overlap,False,True
representative-cost-risk-calibration-020,,primary,声学校准,acoustic,left,left,1,3,0.579811,0.198,qq:003XfAN33n2GQj,Sailed,Kiasmos,Electronic,qq:002ukzuo0u5PpB,Valley Wulf,Bibio,Ambient / Neo-Classical,no_overlap,False,False
representative-cost-risk-calibration-020,,primary,声学校准,acoustic,right,left,0,2,0.416746,0.127116,qq:003XfAN33n2GQj,Sailed,Kiasmos,Electronic,qq:000fr5BQ0jAxGk,El Transcurrir De Las Horas,Bosques De Mi Mente,Ambient / Neo-Classical,no_overlap,False,False
representative-cost-risk-calibration-021,representative-cost-risk-calibration-016,repeat,声学校准,acoustic,left,right,0,2,0.594291,0.129955,qq:002kLt2c0pfNqf,Girls from Nyc,Harrison Hudson,Rock / Alternative,qq:002Dtbtf3ZIb3Y,半空日落色,Uhsgnǒd,Post-Rock / Cinematic,no_overlap,False,False
representative-cost-risk-calibration-021,representative-cost-risk-calibration-016,repeat,声学校准,acoustic,right,right,1,3,0.441283,0.133574,qq:002kLt2c0pfNqf,Girls from Nyc,Harrison Hudson,Rock / Alternative,qq:0034WjC0255vSL,But,Chon,Post-Rock / Cinematic,no_overlap,False,True
representative-cost-risk-calibration-022,representative-cost-risk-calibration-010,repeat,声学校准,acoustic,left,tie,0.5,2,0.63231,0.317312,qq:004ffZnA2EOnUC,MOON NIGHT,I Don't Like Mondays.,Rock / Alternative,qq:003xz29R1B1rjl,Her Light,Cleo Sol,Jazz / Soul,no_overlap,False,False
representative-cost-risk-calibration-022,representative-cost-risk-calibration-010,repeat,声学校准,acoustic,right,tie,0.5,2,0.329891,0.242097,qq:004ffZnA2EOnUC,MOON NIGHT,I Don't Like Mondays.,Rock / Alternative,qq:004Wvz723OsKcX,Attune,Alfa Mist,Jazz / Soul,no_overlap,False,False
representative-cost-risk-calibration-023,representative-cost-risk-calibration-018,repeat,声学校准,acoustic,left,left,1,3,0.383016,0.2541,qq:001ND8AM3qk04M,Lost In The Light,Bahamas,Folk / Singer-Songwriter,qq:0045Rlyq2LM2yR,L'exil,Laurie Darmon,Folk / Singer-Songwriter,same_main,False,True
representative-cost-risk-calibration-023,representative-cost-risk-calibration-018,repeat,声学校准,acoustic,right,left,0,2,0.535434,0.273,qq:001ND8AM3qk04M,Lost In The Light,Bahamas,Folk / Singer-Songwriter,qq:002X0G2u48tm96,In the Aeroplane over the Sea,Neutral Milk Hotel,Folk / Singer-Songwriter,same_main,False,False
representative-cost-risk-calibration-024,representative-cost-risk-calibration-003,repeat,声学校准,acoustic,left,tie,0.5,1,0.266016,0.1456,qq:002vRxmB2XHA8X,New Day,"Devon Rea, goson",Ambient / Neo-Classical,qq:003zVwHk2xsG8w,The Idiot,Seth Staton Watkins,Folk / Singer-Songwriter,no_overlap,False,False
representative-cost-risk-calibration-024,representative-cost-risk-calibration-003,repeat,声学校准,acoustic,right,tie,0.5,1,0.5142,0.11,qq:002vRxmB2XHA8X,New Day,"Devon Rea, goson",Ambient / Neo-Classical,qq:002X0G2u48tm96,In the Aeroplane over the Sea,Neutral Milk Hotel,Folk / Singer-Songwriter,no_overlap,False,False
